Influent Substrate,HRT,Baffles Active,Substrate Removal,Mean Substrate,Standard Deviation Substrate,Mean Current Density,Standard Deviation Current Density,Biomass,Standard Deviation Biomass,Length
1000,12,1,1.6616944368139912,982.4509911370526,19.987167192002897,1.3569754752748266,0.002649885341465141,7000.0,0.0,90
1000,12,10,16.588924824134914,860.5861327250692,84.55077894952404,1.356673267041442,0.06061025989523755,7000.0,0.0,90
1000,12,11,18.292535372961,851.5380924261237,90.9726287235201,1.3566608061210168,0.05967393150444873,7000.0,0.0,90
1000,12,12,19.88620436424654,843.299744335134,97.46050121132475,1.356638058207964,0.06177705251179664,7000.0,0.0,90
1000,12,13,21.650569736614113,835.870127769638,103.86969482948176,1.3566227107912467,0.06176330469050009,7000.0,0.0,90
1000,12,14,23.15898436848005,829.3626438682106,110.19465138870707,1.3565989355523977,0.06329051708493794,7000.0,0.0,90
1000,12,15,25.075227548795638,823.8559626618296,115.84889082072412,1.3565837253533912,0.06310393132429813,7000.0,0.0,90
1000,12,16,26.41508928497915,819.1927633214987,121.39201049186838,1.3565592796544694,0.06512147240382657,7000.0,0.0,90
1000,12,17,28.99637912251012,815.2741424328685,126.60184346080004,1.3565405690943766,0.06527421810811417,7000.0,0.0,90
1000,12,18,29.607397687310172,813.2314818686003,129.99333541870175,1.3565152948769787,0.06654272061166645,7000.0,0.0,90
1000,12,2,3.3216263342946037,965.2820621655106,28.74171290239797,1.356880450280384,0.04428383819457925,7000.0,0.0,90
1000,12,3,4.983890607504042,949.1057547542786,37.98783347465157,1.3568413719801933,0.045180910377888454,7000.0,0.0,90
1000,12,4,6.642411502381572,933.7650490579506,45.037970020340055,1.3567974569636283,0.0518829266793085,7000.0,0.0,90
1000,12,5,8.306479925118026,919.5412447504638,51.502991060480966,1.356783068833664,0.05083738144242145,7000.0,0.0,90
1000,12,6,9.96185177300796,905.8231929505149,58.479874353553676,1.3567483401080596,0.056246981461038556,7000.0,0.0,90
1000,12,7,11.630267992150698,893.3071235731526,64.83105889872935,1.3567374910961993,0.05461752347778733,7000.0,0.0,90
1000,12,8,13.278648613929853,881.5511510796395,71.2721376038708,1.356711981423833,0.057848081048372635,7000.0,0.0,90
1000,12,9,14.957506272125714,870.7903440086936,77.54159933200468,1.3566995665002306,0.05762039285408945,7000.0,0.0,90
250,12,1,5.871709665415346,234.45749664976302,17.24677157569909,1.1987411870807512,0.7072211291517535,7000.0,0.0,90
250,12,10,49.460706602052454,144.7014036468485,54.217390443455734,1.010824102185378,0.815030233971919,6996.7831999883465,34.50932137022302,90
250,12,11,53.27619988800989,139.7460563543114,57.18309389077532,0.9878900085478362,0.8223408702012305,6996.697090466196,34.15595142216519,90
250,12,12,56.50021729690933,135.59167278835648,59.88324899292338,0.962814874111803,0.8277997187763028,6996.049578132781,39.510346618766754,90
250,12,13,59.77755429085941,132.18373267251943,62.31925310079344,0.9371085439898496,0.831190727311451,6991.248039504255,53.568778594184955,90
250,12,14,62.37313609898176,129.40059855578895,64.4529222947252,0.9119945929919332,0.8323635998657543,6983.057255014555,80.15591604723546,90
250,12,15,65.71427247841591,127.06340436095357,66.36173501132431,0.8903612182505216,0.8326394562277135,6969.879688714111,122.48264307181911,90
250,12,16,67.74949329822373,125.2923715549444,67.95665806769927,0.8670831559746855,0.831456334697221,6955.793292997201,158.5951564251137,90
250,12,17,71.41058718033923,123.93681145010882,69.29583215195885,0.844048915551108,0.8293326979239704,6935.022337540007,217.278634278951,90
250,12,18,72.06141593385406,123.26518808836501,70.05707937098839,0.8199365228783043,0.8259069948339679,6913.619568304387,269.6378255976178,90
250,12,2,11.89823348067823,219.0551112847312,22.59807821724243,1.2151139979226888,0.7098918330483447,6999.903714434003,1.840752464126108,90
250,12,3,17.297898245493286,206.09528791174938,28.107111616530855,1.1773393294030476,0.7228266105340497,6999.764826160193,3.175875938620462,90
250,12,4,22.58425981605824,194.0503907970953,32.33595690731499,1.1532817346135171,0.7294499418838922,6999.431443633669,8.450657704090235,90
250,12,5,27.71995374224998,183.26678867388338,36.16835009310653,1.1319648619309153,0.731749222057065,6999.390644476108,8.24163962102419,90
250,12,6,32.423722745022324,173.58122109828182,40.33115423912865,1.1039329775489723,0.7651468231645,6998.497091853113,20.029119861372312,90
250,12,7,37.21206502244767,164.78403519316615,43.993606105369,1.0852531764373117,0.7724837235356169,6998.496034565834,19.140421271518317,90
250,12,8,41.55331326591944,157.10167410813372,47.599052868217875,1.0612739269457596,0.7908449241914467,6997.883658263118,25.061731913817614,90
250,12,9,45.907444870886614,150.24871246258243,51.03689078747936,1.041034324242085,0.8030394962287649,6997.683796767372,25.59900829980986,90
500,12,1,3.3194003149413107,482.46936500912904,19.97220338554274,1.355348566129076,0.028521966674095893,7000.0,0.0,90
500,12,10,32.74319923645364,362.58245704999763,79.88203857916962,1.3388812487295982,0.35190915376646636,6999.9790680286815,0.8583868498191719,90
500,12,11,35.91388431830423,354.16855140784645,85.58485160033678,1.3319010897992736,0.3894659554451327,6999.980970935165,0.8184618697879211,90
500,12,12,38.902491896952526,346.4854621612303,91.37735320267036,1.3269148607087853,0.4170775039508735,6999.963307797301,1.282915204956282,90
500,12,13,42.14164846530897,339.71949010727974,96.86803863536568,1.3205709759429776,0.4433975357227858,6999.9661302744325,1.232623837814531,90
500,12,14,44.82556159331857,334.00085548891957,102.01067182334654,1.3125530693363425,0.4678072257495754,6999.948050881588,1.6475789186521135,90
500,12,15,48.21056334688757,329.21352474878904,106.5712641369166,1.3046975967502659,0.4885172489425818,6999.951514156148,1.591765202565164,90
500,12,16,50.54927723906276,325.2406340577468,110.87524993510944,1.2973765706415807,0.5068472810779292,6999.887304878014,3.741366559016205,90
500,12,17,54.99181451516478,322.02512405557013,114.71665469387034,1.2889312074866062,0.5237116453305233,6999.888040898226,3.640402355738735,90
500,12,18,55.84170259645298,320.42035157842065,117.06544467551255,1.2789930156936322,0.53975256110504,6999.838994261981,4.64692167430483,90
500,12,2,6.634514431730077,465.47036083481004,26.83977010972445,1.3550960386909157,0.08137263768519655,7000.0,0.0,90
500,12,3,9.947944849848614,449.4177916920897,35.57383782196583,1.3541424281405703,0.1096454335644581,7000.0,0.0,90
500,12,4,13.25124689868487,434.2045518680694,42.23336708420306,1.3533675531527725,0.13335451132860732,7000.0,0.0,90
500,12,5,16.550864050201266,420.10417424284685,48.69020545442745,1.3517145232091587,0.17987139732738058,7000.0,0.0,90
500,12,6,19.843431132238297,406.57239088057213,55.059781984478306,1.351281122583958,0.1901358474725445,6999.997098006385,0.16470452093657686,90
500,12,7,23.09077436439087,394.3538081517157,61.30897424443856,1.3468528223125549,0.259035698278067,6999.997512576902,0.15249013728651992,90
500,12,8,26.334887944540892,382.8171711072486,67.50274700780335,1.345351933215399,0.2842399374794068,6999.994037350595,0.25189773965204915,90
500,12,9,29.586927129611578,372.3900262415885,73.45688539965813,1.3418562389989657,0.3221263452351236,6999.994699867196,0.23749885912432564,90
750,12,1,2.2149806604374134,732.4554607081146,19.981729795992067,1.3566013864911757,0.005979943908759124,7000.0,0.0,90
750,12,10,22.10723352260643,611.0619743017718,82.29084256924479,1.3559768996508115,0.07982084983345528,7000.0,0.0,90
750,12,11,24.37667926236686,602.0510063097839,88.73467776647288,1.3559176038363854,0.07947688987370834,7000.0,0.0,90
750,12,12,26.499814408422967,593.8681929354376,95.14561526262887,1.3558617533988206,0.08165359042648462,7000.0,0.0,90
750,12,13,28.849945520425553,586.4901912381101,101.50675642302063,1.3558031901993297,0.08219349103710377,7000.0,0.0,90
750,12,14,30.85881130229898,580.0356090351996,107.77527305202801,1.3557195240516624,0.08424368440184789,7000.0,0.0,90
750,12,15,33.410356471646196,574.5678557267217,113.41303689995226,1.355645297019217,0.08479450988442046,7000.0,0.0,90
750,12,16,35.194731258757095,569.9748432568819,118.810841285582,1.355566598473448,0.08737560732032454,7000.0,0.0,90
750,12,17,38.62560753555348,566.1037738822089,123.9601345630119,1.3554517607449277,0.08941045480164905,7000.0,0.0,90
750,12,18,39.437423958335046,564.0713473225742,127.34955614576502,1.355267267953981,0.09440335519720666,7000.0,0.0,90
750,12,2,4.427431606830366,715.3529428571005,27.828958678307124,1.3564507462706596,0.058312434507470395,7000.0,0.0,90
750,12,3,6.642806165356493,699.225665335988,36.72001869892666,1.356355352101837,0.06225714735943318,7000.0,0.0,90
750,12,4,8.85314686637477,683.9300894506247,43.541984556194315,1.3562764030277563,0.06888864364946763,7000.0,0.0,90
750,12,5,11.070812993090446,669.74823085302,49.86303945221693,1.3562326921475625,0.06883290437107603,7000.0,0.0,90
750,12,6,13.276811396260868,656.0915586462453,56.59019302494546,1.3561703598973924,0.07420465141929097,7000.0,0.0,90
750,12,7,15.500012423816619,643.6136615394614,62.91624066934664,1.3561241350696815,0.07324507099096401,7000.0,0.0,90
750,12,8,17.696553530386534,631.9092063486777,69.24181487862647,1.3560748538283693,0.07636094482118068,7000.0,0.0,90
750,12,9,19.933577300811734,621.1985012763787,75.42824993194598,1.3560354047695204,0.07667129974004115,7000.0,0.0,90
1000,24,1,3.3259433015080506,964.8374745000059,38.64139071584073,1.3565475227319017,0.06259768758043852,7000.0,0.0,90
1000,24,10,33.09966908767986,723.7152153373243,155.81418257832541,1.3545486588355158,0.1333962004678812,7000.0,0.0,90
1000,24,11,36.49236016605864,705.9855441938292,168.56006903847654,1.3520603455530409,0.1787152652341812,7000.0,0.0,90
1000,24,12,39.5566606697637,689.9394270159444,181.13446161248675,1.3506022062178646,0.20447104040279548,7000.0,0.0,90
1000,24,13,43.05584515815633,675.7120846317308,193.21805764568958,1.347439941882911,0.23932034666132998,7000.0,0.0,90
1000,24,14,45.79602719470079,663.6905888972228,204.52274835732618,1.3420853127047792,0.2765639325393621,6999.999869808511,0.011361025875584518,90
1000,24,15,49.46817171062243,653.6038252533939,214.54612783075345,1.3360873253316163,0.30802971245290856,6999.9998784879435,0.010975841807495421,90
1000,24,16,51.84631407229089,645.3694888542316,223.79424516945213,1.3302773722772219,0.3352246223414374,6999.905656287724,3.4737169016734373,90
1000,24,17,56.5774353727428,638.7857464645411,231.94975358970393,1.322587064256283,0.36049820367673896,6999.883451923084,3.6082122992847867,90
1000,24,18,57.50360823050441,635.5920176415689,236.69614009073854,1.3130790915871977,0.3817238948475333,6999.889926816226,3.506653681882641,90
1000,24,2,6.640043573734135,930.9590552592913,50.14188025702685,1.3564295304197869,0.07870698652249485,7000.0,0.0,90
1000,24,3,9.968728065647701,898.8600403993421,67.37663357649326,1.356267860540957,0.0808490326026118,7000.0,0.0,90
1000,24,4,13.27474353645082,868.4271174252773,79.85163738446714,1.3561140493118862,0.0907031513529813,7000.0,0.0,90
1000,24,5,16.61113356446797,840.1267263134099,92.53490934217427,1.3559899844595158,0.09059217009422116,7000.0,0.0,90
1000,24,6,19.90286973813712,813.1115546929946,104.9634849049775,1.3558613562370128,0.09906969058415394,7000.0,0.0,90
1000,24,7,23.25166545774773,788.2158966890236,117.80335725350591,1.3554903155623181,0.10639713963727895,7000.0,0.0,90
1000,24,8,26.515431420497382,764.9962669784135,130.11487704150034,1.3553459647717414,0.11214114004341931,7000.0,0.0,90
1000,24,9,29.896522753687044,743.6756779104514,142.55730721264527,1.3549261299780215,0.12201179841797345,7000.0,0.0,90
250,24,1,8.944146605570655,226.32970125462222,24.041109556195575,0.9120827439646876,0.8842216002206618,6971.778293683771,210.41953645411974,90
250,24,10,56.82452726745459,125.69179103808258,59.28523744338443,0.5807929331517566,0.7540610449106357,6932.615940695287,333.1231922460433,90
250,24,11,60.512766063553116,120.98899334957851,61.80270799475321,0.5607339064205719,0.7431792014315067,6904.82315020046,365.80387746501333,90
250,24,12,63.49558413067928,117.07323000549029,64.05631983407895,0.541114737762874,0.7310022194355649,6885.212543783534,387.09096586088765,90
250,24,13,66.6190028671429,113.93754952350696,66.06176668019607,0.5219292036227822,0.7195983877611559,6852.8078590381065,430.76164877500145,90
250,24,14,68.93142882606634,111.40464981995203,67.79871450940865,0.5038780713700681,0.7079372602464057,6819.406294920157,473.3017002070383,90
250,24,15,72.10348364859443,109.27592919338026,69.36474220025977,0.4882542432438944,0.6979641461416767,6784.242661483666,517.1497985278621,90
250,24,16,73.88529744766625,107.71485227369686,70.62398498946156,0.47233054876020963,0.6869863270665993,6743.369153826698,559.1297553349527,90
250,24,17,77.21963297505943,106.55151223267899,71.65787816770057,0.45705868098047703,0.676792802822429,6692.224558058128,613.0381203284165,90
250,24,18,77.83179602261924,105.9911590388392,72.22197941170081,0.44187910914157513,0.665929839176808,6637.559805059419,661.0829385696854,90
250,24,2,17.435929594161202,204.5506489543597,29.80525347660477,0.89045679639818,0.8830364934331149,6965.835287692529,245.3628344442231,90
250,24,3,23.559174685050436,189.83254721169158,35.62647533193793,0.8014793557897163,0.8567281334822776,6963.598400962716,256.4469967077428,90
250,24,4,29.480931069624294,176.2301069293725,39.86476818878215,0.7528933592317814,0.8367000208576805,6959.830266111971,275.2090452737781,90
250,24,5,35.215979847666404,164.1532786562456,43.77360611584632,0.7187907333779178,0.8228469286487696,6960.2454341594585,272.98698954394575,90
250,24,6,39.976198076189334,154.3218545516698,47.25419497981726,0.6806623980325514,0.805337708866227,6955.4349504746315,295.63501138156306,90
250,24,7,44.845619903778434,145.3947397749708,50.589738595305,0.6536712042005284,0.7931386202620435,6954.774801348843,296.1759494075289,90
250,24,8,49.15833855836045,137.69365126522726,53.66980990106304,0.6279110710001007,0.7794705449373462,6951.94171003777,308.74703434093834,90
250,24,9,53.45032249203362,131.0007931189327,56.64471505714229,0.605765165000447,0.7682713360314001,6943.281373094393,313.55006105833235,90
500,24,1,6.420241150494769,466.0139385646022,36.07778693069248,1.309396393136938,0.5081194713226176,6999.990053994528,0.19047183926059888,90
500,24,10,51.89668372748583,278.7314537114398,112.42146076729122,1.0611021819950859,0.7195850387192712,6981.760167306538,168.24700713803824,90
500,24,11,55.83872731550189,268.6910040590147,118.49243837065893,1.0345949280305804,0.7340966517622496,6980.631185853264,174.22029585406983,90
500,24,12,59.047653036052296,260.28805422956185,123.94152614931654,1.0067295975472892,0.7456599985046096,6978.402990937269,188.22456452274415,90
500,24,13,62.41457944617191,253.52770905556108,128.76765994758867,0.9776245371608523,0.7546216203054502,6976.8478220786055,197.25680962989128,90
500,24,14,64.92571068863506,248.03368838164135,132.9615825861935,0.9495903772157362,0.7605171607539196,6974.614428351897,210.57632101579335,90
500,24,15,68.36425017089596,243.4188494497339,136.71821342119247,0.9251581225063268,0.7653045610873433,6973.563515236105,216.01191657396112,90
500,24,16,70.31504532935398,240.0031548834915,139.76445076605444,0.8993317850670144,0.7677847805865847,6971.386460983353,227.90252561925516,90
500,24,17,73.97897270193681,237.45321775361273,142.26523743384323,0.8736973859522414,0.7692491217218832,6969.794773545667,235.6510901257969,90
500,24,18,74.62946673341408,236.22566784252223,143.63308338567455,0.8477031379576233,0.768548823398586,6969.740079668771,229.86298227795697,90
500,24,2,12.847307160799994,433.1760719342005,45.97771956238149,1.3122709626282638,0.5053357334730932,6999.489721909546,6.638002566136072,90
500,24,3,18.481610295090547,406.1708993446562,57.930082877470326,1.2573471482955774,0.5633480887092023,6997.864331866224,28.539968920626944,90
500,24,4,23.987110179212053,381.0081886365714,66.65025627797343,1.2252326536838203,0.5892535226618306,6995.058772250283,59.94920770920324,90
500,24,5,29.27165158635681,358.84488588869755,74.8032397973114,1.1948419611223848,0.6049720908977438,6994.7366822575195,59.75842644320454,90
500,24,6,34.27912336870298,338.26983887829203,83.58085751031115,1.1675314735009494,0.6454632872197144,6990.106211165637,111.01158485860931,90
500,24,7,39.22987974394319,320.2241778906461,91.15801417754764,1.1435714050694141,0.6526521749379239,6989.161125924512,114.74675272094287,90
500,24,8,43.738983633172744,304.19759784726875,98.76619575822829,1.1176307379385912,0.6802097338176945,6986.082776181499,138.84038356008384,90
500,24,9,48.296351815090425,290.0265598106235,105.94879101279487,1.0945635698459082,0.6989781687776029,6985.038534221247,144.26043553088834,90
750,24,1,4.4311609010053115,714.9260440610391,37.53051762082186,1.355543455131715,0.09836908058590496,7000.0,0.0,90
750,24,10,42.09359093621871,484.6139714009062,144.7821221187648,1.2918499095146885,0.4746285459077223,6998.634288598145,35.16518095834945,90
750,24,11,45.94910844681513,469.79722858278194,154.2851054735192,1.2771223315601683,0.49455598801837536,6998.708962427188,33.57860658390587,90
750,24,12,49.368933782826936,456.5405145031448,163.89302968656742,1.2639550251217713,0.5115786221548743,6997.51031444284,49.103721007261186,90
750,24,13,53.25615932923967,444.96914805483965,172.92300523136282,1.250441535463607,0.5271605885324527,6996.626280058396,57.453653829359745,90
750,24,14,56.19310854348005,435.46924202273016,181.19913123259178,1.2344730770406829,0.5456218759875202,6994.845260079121,79.1223441750104,90
750,24,15,60.18435816601294,427.56717437429074,188.44610037846442,1.2197812988134493,0.5583748598486349,6994.0139392345845,85.01613362629415,90
750,24,16,62.536505111314696,421.45172116108637,194.811451285411,1.2014776070292508,0.5834613692380951,6992.173841306821,103.61966133297284,90
750,24,17,67.06270025326614,416.7793438426242,200.1482571023509,1.1810520422426516,0.6069510514950084,6990.8908563295045,113.92822633850231,90
750,24,18,67.83510459226333,414.57815908427204,203.0655502277026,1.1567793485558782,0.6277022771705194,6991.35599884752,110.75987467699393,90
750,24,2,8.846425566245685,681.1636965224395,48.21372085883851,1.3553822414964718,0.1151548536404228,7000.0,0.0,90
750,24,3,13.242601075110528,649.3212284688893,65.57876855593108,1.3512869565047398,0.20208087571082606,7000.0,0.0,90
750,24,4,17.596221064989777,619.2128172371814,77.91129858794584,1.3481926497067946,0.24887026473380644,7000.0,0.0,90
750,24,5,21.887816123051003,591.841635034481,89.92535234231711,1.3400868848284717,0.31343124881095297,7000.0,0.0,90
750,24,6,26.151216000333854,565.5436572972943,101.86674815373287,1.3361448824242828,0.3468062220815367,6999.996059017445,0.14996306609437926,90
750,24,7,30.251577256061957,542.7248789809009,112.5833144930228,1.3227791145955086,0.39292486020235534,6999.996622014951,0.1388456696641839,90
750,24,8,34.27675859389021,521.2313679525935,123.57193500245432,1.3140423442446172,0.42405599062509086,6999.978696902356,0.6864140545879266,90
750,24,9,38.325318229714114,502.1697344420286,133.78098539956554,1.3028587184329075,0.4510949632381675,6999.978716715562,0.6574653835099871,90
1000,2,1,0.27687801911918086,997.1541628034779,3.103341810503651,1.3571104756216414,0.00032934131905394844,7000.0,0.0,90
1000,2,10,2.768573074205085,977.5745092469591,13.023146683952303,1.3571024801191849,0.0004963009893122447,7000.0,0.0,90
1000,2,11,3.046010694105792,976.1419002339999,14.048733450635726,1.3571014870310127,0.0004883627438992423,7000.0,0.0,90
1000,2,12,3.3216430173643063,974.8346730216066,15.17283308972171,1.3571005031815577,0.0005031117194591256,7000.0,0.0,90
1000,2,13,3.6012078311639586,973.6853248993592,16.14667030402145,1.3570995738410803,0.0004947532212770655,7000.0,0.0,90
1000,2,14,3.872266637798532,972.6640145499993,17.220997110050963,1.357098506929501,0.0005068030773775937,7000.0,0.0,90
1000,2,15,4.161625819534038,971.8193694841469,18.09703184688765,1.3570975896593478,0.0004995675000158996,7000.0,0.0,90
1000,2,16,4.412532613791711,971.1019140193325,19.00819529388104,1.357096615219691,0.0005093188983809556,7000.0,0.0,90
1000,2,17,4.766594621406943,970.5258901290383,19.757336965354774,1.3570956658417046,0.0005030209807869449,7000.0,0.0,90
1000,2,18,4.890795359728407,970.1748419017398,20.368405430295038,1.3570946100347947,0.0005072066265484894,7000.0,0.0,90
1000,2,2,0.553755568703366,994.3946130766403,4.386763022106843,1.3571108777866099,0.0004449350545054674,7000.0,0.0,90
1000,2,3,0.830633984270014,991.7880498196885,5.469459857936716,1.3571096264654858,0.00041830053024110355,7000.0,0.0,90
1000,2,4,1.1075080921539098,989.3061625912599,6.716225448260663,1.3571082802137175,0.00047089128531510675,7000.0,0.0,90
1000,2,5,1.38439006095997,987.0084189579416,7.61615179904748,1.3571074262057228,0.00045109161103761567,7000.0,0.0,90
1000,2,6,1.6612539278703253,984.8093498069956,8.765801865088415,1.3571063566178958,0.00048038520875649603,7000.0,0.0,90
1000,2,7,1.9381548615607813,982.796513365653,9.741047216055106,1.3571053404496793,0.0004686668531191348,7000.0,0.0,90
1000,2,8,2.2149740417922543,980.9049416808898,10.893202661580785,1.3571043474642537,0.0004926002386853106,7000.0,0.0,90
1000,2,9,2.491968354530138,979.1916067244805,11.855832339340422,1.3571035021527915,0.0004802653155052472,7000.0,0.0,90
250,2,1,1.1056288522164663,247.15867406543433,3.100856572968168,1.3548028393680511,0.006631833020642456,7000.0,0.0,90
250,2,10,11.053742881860046,227.64824583087412,12.615873315860169,1.3545842065171487,0.02584238577630987,7000.0,0.0,90
250,2,11,12.161239014028217,226.21837526564045,13.670546436419816,1.35456156812832,0.024847145552945944,7000.0,0.0,90
250,2,12,13.261435517300994,224.92194478265458,14.735630471737233,1.3545329021042445,0.02671641634918439,7000.0,0.0,90
250,2,13,14.377360460526859,223.77504806791794,15.73395219851744,1.354511735216438,0.025837336945509732,7000.0,0.0,90
250,2,14,15.459187953420575,222.76363655526987,16.758917256447422,1.3544798997756686,0.027328885895862326,7000.0,0.0,90
250,2,15,16.61411301349193,221.92097078354786,17.654677718822573,1.3544577740203076,0.026570820336840474,7000.0,0.0,90
250,2,16,17.615462107012185,221.2132548424985,18.514707776304558,1.3544285937165723,0.027954226426355165,7000.0,0.0,90
250,2,17,19.02842732538072,220.63858144037624,19.27998405899859,1.354404528670668,0.027279534432953934,7000.0,0.0,90
250,2,18,19.524049512313375,220.29268521757635,19.864437149637954,1.3543732309624337,0.027983996122553978,7000.0,0.0,90
250,2,2,2.2112308331766033,244.40864279872366,4.2244655770382,1.3547879220357577,0.020000846013225382,7000.0,0.0,90
250,2,3,3.3168036720846996,241.8066655930676,5.335628414728687,1.3547682513332118,0.016959456957305875,7000.0,0.0,90
250,2,4,4.422254338122081,239.33547723362182,6.458926312929468,1.3547255382898136,0.022419607771218805,7000.0,0.0,90
250,2,5,5.527784809280126,237.04194065294584,7.387733997812189,1.3547117313001216,0.02040315780045533,7000.0,0.0,90
250,2,6,6.633135253681735,234.85388519394883,8.44238046578444,1.3546800189143966,0.02374008812587002,7000.0,0.0,90
250,2,7,7.738647037418433,232.84469267183275,9.450060049921937,1.354659456643795,0.022264987811395614,7000.0,0.0,90
250,2,8,8.843743122324737,230.964577537286,10.517926309420492,1.354630116718419,0.025119491106370042,7000.0,0.0,90
250,2,9,9.949584258443188,229.2545680508358,11.510372505961133,1.3546134825447222,0.02388396046987035,7000.0,0.0,90
500,2,1,0.5534723298098698,497.1555645142725,3.1022067026779743,1.3564151824595467,0.0014128089700081497,7000.0,0.0,90
500,2,10,5.534188528894117,477.5893130867039,12.9759357396394,1.3563775893732344,0.002996847440315115,7000.0,0.0,90
500,2,11,6.088752029281216,476.15747508962005,14.004073053108709,1.356373189659213,0.0029114640604821257,7000.0,0.0,90
500,2,12,6.639702394796018,474.8517568368531,15.121114906265928,1.356368412217977,0.003105048443633139,7000.0,0.0,90
500,2,13,7.198513164643555,473.70305408747,16.09710654947277,1.3563642956820032,0.0030237448193693,7000.0,0.0,90
500,2,14,7.740314529666113,472.68301823739665,17.166007046506472,1.3563591385260296,0.0031522846287872644,7000.0,0.0,90
500,2,15,8.318696458757312,471.8388620343407,18.04375687102548,1.3563550173023968,0.0030817629041069608,7000.0,0.0,90
500,2,16,8.820214247611807,471.12256214871275,18.949248650592654,1.356350291229526,0.0032044719289285846,7000.0,0.0,90
500,2,17,9.527911564368958,470.54686572218577,19.69979451402787,1.3563459681609844,0.003141681963887929,7000.0,0.0,90
500,2,18,9.77616717173654,470.1964070052226,20.30771861311107,1.3563408880321255,0.0032088852975141837,7000.0,0.0,90
500,2,2,1.106943904663001,494.3978515423848,4.369144928430745,1.3564158085937639,0.002408543778999809,7000.0,0.0,90
500,2,3,1.6604123726246256,491.7926368125329,5.454068974322267,1.3564106805297695,0.0021664753433894963,7000.0,0.0,90
500,2,4,2.213866722825435,489.31261196491255,6.68791273903365,1.356404022146596,0.0026470539962511696,7000.0,0.0,90
500,2,5,2.7673378854034922,487.01607873308023,7.59024215481979,1.3564005196656708,0.002474179572412693,7000.0,0.0,90
500,2,6,3.320767113899285,484.8188151397106,8.729714950846585,1.3563953358127407,0.0027711086348648534,7000.0,0.0,90
500,2,7,3.874269220487906,482.8070361823434,9.707750783248978,1.356390956217566,0.0026505197505555353,7000.0,0.0,90
500,2,8,4.427603510790027,480.9172380502856,10.850156018768297,1.3563860920395119,0.0029384864789419414,7000.0,0.0,90
500,2,9,4.981288771909169,479.2048301516763,11.815411312772083,1.356382482581169,0.0028258324600926484,7000.0,0.0,90
750,2,1,0.3691095228586164,747.1546203241439,3.1029392240592637,1.3568856111058336,0.0005989211423460283,7000.0,0.0,90
750,2,10,3.690800310903508,727.5788279483191,13.013584523423605,1.3568707008199474,0.000982183649553278,7000.0,0.0,90
750,2,11,4.060651442880787,726.1464648814083,14.039549878337846,1.356868870330823,0.0009630955638842011,7000.0,0.0,90
750,2,12,4.428095411158484,724.839598387842,15.162404935467496,1.3568670210114187,0.0010003761160500486,7000.0,0.0,90
750,2,13,4.800781540368993,723.6904535508778,16.13654279967612,1.3568653079378588,0.0009811368913048343,7000.0,0.0,90
750,2,14,5.162127448709134,722.6694421888295,17.209871329713817,1.3568633005325572,0.0010099373610545396,7000.0,0.0,90
750,2,15,5.547869388701186,721.8249496056552,18.086133219555443,1.3568616027971636,0.0009933308021035253,7000.0,0.0,90
750,2,16,5.88235041199761,721.1077466044374,18.996287961266788,1.3568597682555643,0.0010179198102998098,7000.0,0.0,90
750,2,17,6.3543446886690464,720.5318251008234,19.745611239903855,1.3568580042570522,0.001003383442841447,7000.0,0.0,90
750,2,18,6.519915650433829,720.1808951344264,20.35616142492982,1.356856017793487,0.00101476383411413,7000.0,0.0,90
750,2,2,0.7382185386817733,744.395607853821,4.38303765145721,1.3568862316054464,0.0008585366809773774,7000.0,0.0,90
750,2,3,1.107327829710554,741.7894790656367,5.466076420463146,1.3568839759138664,0.0007971662731129284,7000.0,0.0,90
750,2,4,1.4764306226431168,739.3081117903087,6.710376927266728,1.3568814332499437,0.0009164253026836502,7000.0,0.0,90
750,2,5,1.8455439367824813,737.0107562578925,7.610680229386056,1.3568798921494958,0.0008718388111815549,7000.0,0.0,90
750,2,6,2.2146323357289477,734.8121758306023,8.758415944377061,1.3568778844673308,0.000940738752965544,7000.0,0.0,90
750,2,7,2.5837698202618715,732.7996788787045,9.734103537557752,1.3568760260677726,0.0009127292497639899,7000.0,0.0,90
750,2,8,2.9527977902808593,730.9085625499081,10.884511658560433,1.3568741581073236,0.000971690235563465,7000.0,0.0,90
750,2,9,3.3220591877240015,729.1955227565709,11.84753905790438,1.356872615753316,0.0009437316557659058,7000.0,0.0,90
1000,6,1,0.8306326059683443,991.3551654349941,9.607507629699198,1.3570621220537626,0.0010931376829343884,7000.0,0.0,90
1000,6,10,8.302577152324215,931.1688336463845,41.0269260965287,1.3570186883377355,0.005251307570616458,7000.0,0.0,90
1000,6,11,9.141324804759757,926.7089311685932,44.25343324865968,1.3570149574913286,0.005039682969021217,7000.0,0.0,90
1000,6,12,9.957276217369975,922.6300821511483,47.64376895143818,1.357009713613537,0.00598055793613391,7000.0,0.0,90
1000,6,13,10.813449646300013,919.0099668046196,50.72655834306112,1.3570063043577045,0.005769361413046574,7000.0,0.0,90
1000,6,14,11.59992770401658,915.7947223281277,53.977336408801094,1.357001092698786,0.006237061654315621,7000.0,0.0,90
1000,6,15,12.510329533670017,913.0938198084657,56.81343147887218,1.3569975930995015,0.006051150024247927,7000.0,0.0,90
1000,6,16,13.21758405703639,910.8043708711944,59.59397450319997,1.3569927964759416,0.0065724561071473534,7000.0,0.0,90
1000,6,17,14.403810653765047,908.908637608042,62.07739400435811,1.3569891200990956,0.006395975018641876,7000.0,0.0,90
1000,6,18,14.73309876214389,907.7941689568868,64.0511424648908,1.3569836428666495,0.006940929750265583,7000.0,0.0,90
1000,6,2,1.6611802494607104,982.9223767631514,13.331802246531028,1.3570597381186267,0.002628008258857127,7000.0,0.0,90
1000,6,3,2.4918638788386147,974.9354513584665,17.47044565862819,1.3570528498137913,0.0023138700279485324,7000.0,0.0,90
1000,6,4,3.3222791865101726,967.3277827643844,21.296725821606238,1.3570452027320805,0.003564827611468342,7000.0,0.0,90
1000,6,5,4.1531421952711405,960.2744479101138,24.472963032107575,1.3570415075010072,0.003275796470936,7000.0,0.0,90
1000,6,6,4.983202116809662,953.5105164603492,27.91683529328683,1.357035974670811,0.004083314703033468,7000.0,0.0,90
1000,6,7,5.814634817146827,947.3138377787934,31.082922972571478,1.3570320528589537,0.0038369655714497884,7000.0,0.0,90
1000,6,8,6.643645039713215,941.4816194451571,34.5229953660442,1.357026551942516,0.004996624982558885,7000.0,0.0,90
1000,6,9,7.476871548769486,936.1844612300573,37.551720321140046,1.357023616681129,0.00474433785596919,7000.0,0.0,90
250,6,1,3.3095484486265607,241.37269957639649,9.757770681291579,1.351759958259737,0.08804875282230201,7000.0,0.0,90
250,6,10,32.41327296193648,182.78875031997254,38.32233967747512,1.3244461715539615,0.45654821190207134,6999.9694722735885,1.1033185760733284,90
250,6,11,35.48183431594303,178.72776261792052,41.08190560856737,1.3168511612053464,0.4855322386756555,6999.972247521444,1.0520095930958298,90
250,6,12,38.49416874310311,175.0260608797924,43.86263623675297,1.3115110134170824,0.5059606062090336,6999.911193966612,2.9952247221235475,90
250,6,13,41.59083377275317,171.77446291497697,46.5079186101917,1.3049493303028326,0.5258486089292533,6999.918025199948,2.877816125684954,90
250,6,14,44.358370713965414,169.01265604556724,48.99285931794708,1.2971364678924218,0.5442985090626279,6999.829229564453,5.025445999528776,90
250,6,15,47.54415851965443,166.7141035991507,51.20548145585483,1.2895670472665786,0.5600322499837758,6999.836364271089,4.861499607417991,90
250,6,16,49.988918877370494,164.8009299804304,53.27790160732001,1.2826068744779178,0.5735625098897753,6999.638831341855,9.782921685553715,90
250,6,17,54.06732376235289,163.25231625648937,55.12885364908201,1.2746377732760792,0.586373247044977,6999.628462196675,9.631046736890628,90
250,6,18,54.98377731468922,162.41627476530428,56.366803250436426,1.264888476359203,0.6024890495859487,6999.372414027496,14.7616393533548,90
250,6,2,6.62003181060278,233.0169259263821,12.768913078132911,1.3520175731296928,0.10012936965411716,7000.0,0.0,90
250,6,3,9.908089606288865,225.10960780512633,16.935072016605616,1.3489705913429282,0.19767389748991285,7000.0,0.0,90
250,6,4,13.184259050712818,217.63702449705232,20.292732138093708,1.346337323679251,0.2544744969172206,7000.0,0.0,90
250,6,5,16.43968074951132,210.72681004865441,23.395527864244634,1.3429193477374757,0.30787548713580026,7000.0,0.0,90
250,6,6,19.711317753441822,204.104117647628,26.451349336553054,1.3419569558343125,0.32121077330599695,6999.998681995642,0.07528793459818524,90
250,6,7,22.88833397496909,198.17132040709757,29.425701441918,1.3354370620466807,0.3782506077843316,6999.998870281979,0.06970460894137918,90
250,6,8,26.101787061000177,192.56948616130066,32.40803625222182,1.3328847897471392,0.40249492774210405,6999.98886328062,0.4976051348716472,90
250,6,9,29.27302753716085,187.52074961174688,35.27255645550956,1.3282466203173087,0.4334727885785023,6999.990100693884,0.46915967524316216,90
500,6,1,1.6601628895965177,491.35997942845904,9.61027810382107,1.3561616709711612,0.00593773445621003,7000.0,0.0,90
500,6,10,16.59060809815812,431.40772166559844,39.93089076901574,1.3558301653847826,0.045878184215327404,7000.0,0.0,90
500,6,11,18.26627208855549,426.9633365299729,43.20025563008366,1.3557995842377377,0.04516902066074863,7000.0,0.0,90
500,6,12,19.8962296563829,422.9321579748591,46.424022059499826,1.355761888651568,0.04834542685621173,7000.0,0.0,90
500,6,13,21.606625993257456,419.3282776853144,49.54138977554732,1.3557349495160986,0.04772505960355903,7000.0,0.0,90
500,6,14,23.17746028294297,416.1548561182796,52.6743856149612,1.3556924112793047,0.05003261447029167,7000.0,0.0,90
500,6,15,24.995981870844307,413.47794096403305,55.501490698846105,1.35566012260507,0.050165477822557515,7000.0,0.0,90
500,6,16,26.408419065359716,411.231229387802,58.155551750664756,1.355622521249045,0.0521825750238037,7000.0,0.0,90
500,6,17,28.777620644819123,409.353436772574,60.644482903114564,1.3555883013474688,0.051992076666507264,7000.0,0.0,90
500,6,18,29.434626535084135,408.2800606375074,62.47879626546125,1.355539150331769,0.05406528727341306,7000.0,0.0,90
500,6,2,3.3200520687210315,482.9512753405452,12.987177294051483,1.3561168497121765,0.03146097267723748,7000.0,0.0,90
500,6,3,4.980136952235193,474.9765034222381,17.141195446665186,1.3560750964636477,0.028482604414250618,7000.0,0.0,90
500,6,4,6.639515623771717,467.4028688213479,20.670411536729834,1.3560153261678485,0.03770297898099831,7000.0,0.0,90
500,6,5,8.299845563552458,460.36686328741195,23.84223000308108,1.3559895721527395,0.03658020162625407,7000.0,0.0,90
500,6,6,9.958434213537316,453.6385096690995,27.077897643673,1.355950810638517,0.04130961837083018,7000.0,0.0,90
500,6,7,11.61976625663401,447.4556621310212,30.29103965596852,1.3559231249118429,0.039826178272508075,7000.0,0.0,90
500,6,8,13.276110686829531,441.66750737655127,33.51394901520598,1.3558849234670398,0.04436059532372326,7000.0,0.0,90
500,6,9,14.940976917877924,436.3846808338168,36.589441720808026,1.355865191526686,0.04311387360105113,7000.0,0.0,90
750,6,1,1.1072898592139306,741.3566889780888,9.60747585544117,1.3567922088042073,0.002130332782645284,7000.0,0.0,90
750,6,10,11.067416234664522,681.2323038432708,40.66071144732759,1.3566894683887043,0.01964140139652339,7000.0,0.0,90
750,6,11,12.1854461927959,676.7743150905111,43.91319513641578,1.356682545258061,0.01878774890413232,7000.0,0.0,90
750,6,12,13.273041945707547,672.709771833911,47.23608590285379,1.3566700643597756,0.02092001045299859,7000.0,0.0,90
750,6,13,14.414288893683336,669.0915485009297,50.34221984583694,1.356663736041667,0.02015009041337545,7000.0,0.0,90
750,6,14,15.462573703630794,665.8887176316297,53.544861424352675,1.3566512827472033,0.021566057726725943,7000.0,0.0,90
750,6,15,16.67608471859133,663.1905292011675,56.39587536480657,1.3566442735999265,0.0209211853071956,7000.0,0.0,90
750,6,16,17.618744973512353,660.9136381903189,59.126594670249965,1.3566330005786975,0.022224392421482983,7000.0,0.0,90
750,6,17,19.199873906581388,659.019699205944,61.624833875259476,1.3566255905699667,0.02161622816151283,7000.0,0.0,90
750,6,18,19.63867737108987,657.9178462149464,63.54331675069597,1.3566125834510079,0.022914585327439195,7000.0,0.0,90
750,6,2,2.214447332911277,732.9308132595361,13.214230434020504,1.356778108287445,0.012006025078468404,7000.0,0.0,90
750,6,3,3.3217852154211567,724.9460857048737,17.375405573012568,1.3567669598324226,0.010000561770161944,7000.0,0.0,90
750,6,4,4.428729457927981,717.3487854901928,21.085406485885336,1.356746174694059,0.015489556344066891,7000.0,0.0,90
750,6,5,5.536294789137462,710.2979845281569,24.283207092656184,1.3567405433861013,0.013989101214929082,7000.0,0.0,90
750,6,6,6.6427534794387455,703.5448888592567,27.641567064639034,1.356726361078447,0.017021301241814876,7000.0,0.0,90
750,6,7,7.751062180869971,697.3502512765405,30.8350155055415,1.3567197637470392,0.015839087763231237,7000.0,0.0,90
750,6,8,8.856101140371992,691.5314907615322,34.18594506323239,1.35670608211569,0.01893690824167477,7000.0,0.0,90
750,6,9,9.966794188142785,686.2363136465364,37.24159437450029,1.3567013462105784,0.01791046581918856,7000.0,0.0,90
