Influent Substrate,HRT,Baffles Active,Substrate Removal,Mean Substrate,Standard Deviation Substrate,Mean Current Density,Total Current,Standard Deviation Current Density,Biomass,Standard Deviation Biomass,Length
1000,12,1,1.680658615,980.4216721,37.11368733,1.356701105,0.020398641,0.196812107,7000,0,90
1000,12,10,16.50200232,861.1935373,130.1942783,1.356182206,0.061980334,1.96736832,7000,0,90
1000,12,11,19.02255428,854.70545,137.94988,1.356132049,0.061753464,2.164025114,7000,0,90
1000,12,12,19.72606621,851.1039102,143.4015403,1.356105114,0.061612088,2.360707782,7000,0,90
1000,12,2,3.314054215,961.9853987,49.6830147,1.356646393,0.033170537,0.39360834,7000,0,90
1000,12,3,5.01201161,944.9116097,63.95853531,1.356578075,0.033148314,0.590382778,7000,0,90
1000,12,4,6.620982744,929.0227661,74.69170862,1.356502664,0.042726523,0.787133279,7000,0,90
1000,12,5,8.352324642,914.5183563,85.2788088,1.356459175,0.042615294,0.983885055,7000,0,90
1000,12,6,9.916468645,901.02089,95.250264,1.356382055,0.051767796,1.180594941,7000,0,90
1000,12,7,11.71313314,889.208681,104.3548299,1.356342167,0.050232708,1.377320259,7000,0,90
1000,12,8,13.20029291,878.4346402,113.3406289,1.356282298,0.057133317,1.574010816,7000,0,90
1000,12,9,15.14504511,869.1787733,121.7444056,1.356241248,0.056246463,1.770708574,7000,0,90
250,12,1,4.531577477,236.6377519,23.76719202,0.914369391,0.917272189,0.13264452,6983.927783,107.5477107,90
250,12,10,35.56177988,171.5337526,63.53634757,0.728288797,0.861176504,1.056504282,6961.914624,229.5268603,90
250,12,11,39.92566277,168.7258409,66.11509759,0.714872521,0.855299418,1.14074591,6961.427672,231.764011,90
250,12,12,40.95425392,167.1384352,67.97700393,0.698427315,0.845147714,1.215822271,6964.591941,222.1593097,90
250,12,2,9.070259168,223.7218896,31.05834031,0.92840114,0.930315912,0.269360117,6980.249282,127.1465654,90
250,12,3,12.96271595,213.8614378,37.62907041,0.877968395,0.918376376,0.382091845,6977.998369,140.0482225,90
250,12,4,16.57194041,204.866728,42.50455372,0.848733427,0.909257997,0.492491717,6974.893541,157.6010301,90
250,12,5,20.2219261,197.1440245,46.92643346,0.82185068,0.900905473,0.596115693,6973.185071,167.2717161,90
250,12,6,23.29247193,190.4018269,50.83563598,0.795876605,0.890698694,0.692730997,6968.908816,192.1509665,90
250,12,7,26.91573365,184.4322171,54.34174959,0.779664404,0.884723517,0.791723214,6969.111656,190.668734,90
250,12,8,29.6425227,179.3621887,57.64696751,0.759980275,0.875718859,0.881982442,6965.46542,210.9786728,90
250,12,9,33.27085609,175.0318015,60.69341729,0.745538652,0.870005286,0.973375264,6965.264527,211.561904,90
500,12,1,3.260304625,480.9532287,35.00056724,1.3159244,0.486288393,0.190896766,6999.998532,0.034216765,90
500,12,10,29.70501693,374.2965146,107.5057007,1.219949907,0.661621432,1.769740666,6998.860449,17.18780167,90
500,12,11,33.92968383,369.1496681,112.799999,1.210673903,0.66754452,1.931912703,6998.813573,17.08592014,90
500,12,12,34.94201582,366.1160068,117.1118311,1.19762931,0.688047816,2.084833102,6998.911356,16.36197231,90
500,12,2,6.447607659,462.9917997,45.80298008,1.319735318,0.483792294,0.382899207,6999.997051,0.076915562,90
500,12,3,9.584216197,447.2922618,57.29410199,1.297382351,0.544263955,0.564620799,6999.960689,0.858033412,90
500,12,4,12.54386206,432.7661506,65.73002248,1.28496193,0.573707241,0.745620576,6999.926145,1.33878806,90
500,12,5,15.65221086,419.8501056,73.94816623,1.271352686,0.596835442,0.922154482,6999.859449,2.390533549,90
500,12,6,18.4317202,407.9669524,81.5668963,1.260406984,0.614120165,1.097058239,6999.679209,5.482487902,90
500,12,7,21.5521187,397.876404,88.16862825,1.248339059,0.62726564,1.267646703,6999.676162,5.300676776,90
500,12,8,24.13183141,388.6161552,95.11594922,1.239524192,0.638861797,1.438509142,6999.384796,9.86985723,90
500,12,9,27.4448011,380.9375058,101.0888079,1.229642475,0.647498325,1.605421216,6999.355931,9.785615353,90
750,12,1,2.239015247,730.4698865,36.47969057,1.355588656,0.082111109,0.196650728,7000,0,90
750,12,10,21.85442635,611.916203,127.3475194,1.347125123,0.264518064,1.954229512,7000,0,90
750,12,11,25.13003078,605.5469068,134.6560938,1.34477129,0.290038132,2.145896374,7000,0,90
750,12,12,26.03975514,601.9190927,140.115349,1.343166513,0.305931082,2.338184266,7000,0,90
750,12,2,4.414930895,712.1147932,48.36288749,1.355472519,0.093342221,0.39326776,7000,0,90
750,12,3,6.673336238,695.0973266,62.56227584,1.354702662,0.112514226,0.589566599,7000,0,90
750,12,4,8.813152992,679.282793,72.99283007,1.354215068,0.126984084,0.785805863,7000,0,90
750,12,5,11.11014796,664.8296084,83.56723639,1.353299539,0.151452599,0.981593266,7000,0,90
750,12,6,13.18393544,651.4107042,93.28389765,1.35245495,0.173530947,1.177176789,7000,0,90
750,12,7,15.55181365,639.6753667,102.2825118,1.350755496,0.206328047,1.371647181,7000,0,90
750,12,8,17.51997234,628.9768042,111.0353691,1.350105109,0.219884863,1.566841982,7000,0,90
750,12,9,20.06897402,619.8195037,119.1748224,1.34821154,0.247624711,1.760224987,7000,0,90
1000,24,1,3.390536534,961.4359601,62.91407192,1.355423891,0.101354836,0.196626826,7000,0,90
1000,24,10,31.36195135,738.5421862,217.2537463,1.286613142,0.460006336,1.866446799,6997.690423,44.98719716,90
1000,24,11,35.83267852,728.0984598,228.421566,1.275567688,0.474921533,2.035465878,6997.732433,43.26490658,90
1000,24,12,36.9471602,722.0631097,237.2492647,1.264706284,0.494855547,2.2016007,6997.921397,41.4277352,90
1000,24,2,6.614877497,925.1916955,81.25371539,1.355195843,0.113268207,0.393187487,7000,0,90
1000,24,3,9.999601455,891.9321433,107.8931815,1.347990337,0.225521647,0.586645395,7000,0,90
1000,24,4,13.10650164,861.1560236,126.0858399,1.343875299,0.269812882,0.77980604,7000,0,90
1000,24,5,16.47698368,833.7478631,144.8464665,1.334209687,0.32527325,0.96774676,7000,0,90
1000,24,6,19.38344688,808.6744085,161.3187898,1.326437176,0.362434443,1.154530918,6999.904089,2.363714973,90
1000,24,7,22.75608067,787.3857662,176.1368732,1.314333656,0.396282278,1.334662017,6999.917791,2.188632175,90
1000,24,8,25.44167779,768.0436589,190.9709913,1.306802308,0.419882923,1.516587638,6999.065648,22.09045756,90
1000,24,9,29.01083474,752.0357031,204.0101406,1.295670946,0.441273734,1.691627988,6999.162602,20.83085856,90
250,24,1,5.769208123,233.339577,26.78784576,0.576651164,0.753809432,0.083652862,6930.269449,386.193587,90
250,24,10,40.30906596,161.6426595,67.31817549,0.411970421,0.597347316,0.597631758,6883.490979,478.0344216,90
250,24,11,44.98671686,158.8434666,69.84991626,0.40249108,0.590602385,0.642268433,6865.472412,490.6576499,90
250,24,12,46.08166354,157.3145429,71.5846777,0.391548998,0.579004967,0.681608495,6858.384421,477.6988637,90
250,24,2,11.19595016,217.8425681,34.11908467,0.573360483,0.729925555,0.166350988,6926.796012,400.9819602,90
250,24,3,15.63669192,206.8923016,41.04529983,0.527991376,0.696450477,0.229781847,6923.440161,411.3850917,90
250,24,4,19.62523281,196.9333412,46.0188781,0.502896124,0.67389829,0.291813858,6919.833919,423.9313704,90
250,24,5,23.72501598,188.5574673,50.60678443,0.481075387,0.657341314,0.348940014,6917.476136,430.7200495,90
250,24,6,27.01720777,181.3527117,54.51724954,0.461697769,0.639181568,0.401861738,6912.793095,445.2305779,90
250,24,7,31.0588882,174.9658447,58.16328311,0.448852671,0.630611862,0.455794926,6908.837563,447.1510178,90
250,24,8,33.93031702,169.6769157,61.44977026,0.434655316,0.616548861,0.504431983,6904.321503,459.6666493,90
250,24,9,37.92979066,165.1670337,64.55164809,0.423923251,0.609183739,0.553474196,6892.444364,466.1369801,90
500,24,1,5.436337501,468.7099379,50.70028094,1.086580619,0.820962469,0.157626628,6972.064248,198.7325431,90
500,24,10,39.03592318,329.597546,131.7960443,0.798130672,0.801463322,1.157821561,6952.56762,301.0989875,90
500,24,11,43.6512786,324.0743392,136.9193326,0.78041035,0.797492738,1.245326809,6951.888621,304.1047008,90
500,24,12,44.71691516,321.03788,140.4742332,0.760248943,0.789208154,1.323441359,6955.887087,291.460491,90
500,24,2,10.60788707,439.2961252,64.77855782,1.086629571,0.827776425,0.315267459,6968.511652,220.100209,90
500,24,3,14.90834612,418.095181,78.68417567,1.006659571,0.831331397,0.438098245,6966.433671,230.8240321,90
500,24,4,18.79947059,398.7002663,88.69119956,0.963615426,0.828767262,0.559153911,6963.526086,246.9482113,90
500,24,5,22.78266093,382.4153815,97.93357307,0.923877417,0.826005823,0.670119087,6962.220238,253.2646638,90
500,24,6,26.01146848,368.2883813,105.8803693,0.889194907,0.820444257,0.773955247,6958.939575,270.287002,90
500,24,7,29.94706547,355.836013,113.2096314,0.8655302,0.817325627,0.878917067,6958.637917,271.6821072,90
500,24,8,32.77382887,345.4173257,119.9008354,0.83989096,0.811387361,0.974721456,6955.774382,285.9234838,90
500,24,9,36.68709565,336.5730264,126.1505358,0.819961117,0.807845104,1.070541234,6955.223928,288.4511297,90
750,24,1,4.424001463,712.0977274,61.4650841,1.326458732,0.400465716,0.192424947,6999.924382,1.048032515,90
750,24,10,36.45342179,517.9409775,185.3069688,1.118666867,0.676640167,1.622812735,6980.968672,167.0039786,90
750,24,11,41.14639838,509.6007207,193.8068047,1.100284254,0.69161198,1.75576026,6979.95197,171.9693835,90
750,24,12,42.2222494,505.0165872,199.7152611,1.077334711,0.704194685,1.875424264,6981.622639,164.7413597,90
750,24,2,8.618926328,676.5958041,78.69289731,1.32428192,0.418395998,0.384218328,6999.454043,7.176093401,90
750,24,3,12.63233053,647.2256028,99.45796539,1.277989499,0.49140266,0.55618103,6997.544835,33.51826111,90
750,24,4,16.29934394,620.1524207,113.9666133,1.253355983,0.523509384,0.727280698,6995.079373,59.52543153,90
750,24,5,20.17933129,596.6335808,128.85383,1.226196762,0.554738765,0.889401385,6993.07205,76.10148511,90
750,24,6,23.43629345,575.4396995,142.2682314,1.202346729,0.593141013,1.046522593,6989.039551,113.3995504,90
750,24,7,27.27857005,557.4253571,153.961213,1.181897445,0.606567351,1.200177459,6988.2434,116.3990161,90
750,24,8,30.13758154,541.7188516,165.4238511,1.159430328,0.638089257,1.345557543,6984.8811,142.2211921,90
750,24,9,34.06958316,528.4986359,175.7549947,1.141124989,0.655106219,1.489852786,6983.833356,147.2778432,90
1000,2,1,0.276982385,996.9228649,5.895788723,1.357090953,0.000663991,0.196868661,7000,0,90
1000,2,10,2.753527526,978.4175473,19.73664053,1.357085015,0.000818778,1.968677995,7000,0,90
1000,2,11,3.098983918,977.4534691,20.8908795,1.357084048,0.000809851,2.165544252,7000,0,90
1000,2,12,3.249028422,976.8200715,21.94092592,1.357082995,0.000826348,2.362410078,7000,0,90
1000,2,2,0.553657545,994.0169557,7.882173601,1.35709303,0.000758581,0.393737924,7000,0,90
1000,2,3,0.830900166,991.3366529,9.706978742,1.357092182,0.000727323,0.590606517,7000,0,90
1000,2,4,1.107090611,988.8441177,11.40265455,1.357091096,0.000778436,0.787474727,7000,0,90
1000,2,5,1.385221906,986.5929741,12.8157903,1.357090261,0.000757481,0.984342802,7000,0,90
1000,2,6,1.659759583,984.4958154,14.36991221,1.35708901,0.000790423,1.181210274,7000,0,90
1000,2,7,1.940891495,982.6853973,15.72026271,1.357088021,0.000779244,1.378077649,7000,0,90
1000,2,8,2.209891233,981.0265274,17.14809456,1.357086996,0.000807305,1.574944695,7000,0,90
1000,2,9,2.501674081,979.6433597,18.39173253,1.357086045,0.000796692,1.771811541,7000,0,90
250,2,1,1.105546208,246.9270378,5.908915792,1.354171697,0.020043596,0.196445174,7000,0,90
250,2,10,10.98871862,228.5306567,19.2059875,1.35395781,0.044070706,1.964141463,7000,0,90
250,2,11,12.36689409,227.5695995,20.38050529,1.353923246,0.043085101,2.160500454,7000,0,90
250,2,12,12.96562972,226.9518978,21.34790781,1.353884202,0.045229738,2.356841618,7000,0,90
250,2,2,2.209951911,244.0347154,7.739319441,1.354226313,0.035756047,0.392906194,7000,0,90
250,2,3,3.316547779,241.3615964,9.566425323,1.354212501,0.032287848,0.58935328,7000,0,90
250,2,4,4.418819908,238.8857193,11.12946992,1.35416683,0.038906916,0.785777873,7000,0,90
250,2,5,5.528871501,236.6411725,12.55456595,1.354147587,0.036646205,0.982208383,7000,0,90
250,2,6,6.624413105,234.5608347,14.00631907,1.354099429,0.040629053,1.178608143,7000,0,90
250,2,7,7.746270768,232.7567352,15.36964434,1.354065608,0.039355301,1.375008489,7000,0,90
250,2,8,8.8196389,231.117011,16.69005133,1.354027963,0.042697858,1.571394585,7000,0,90
250,2,9,9.983888484,229.7377103,17.95598221,1.353996243,0.041398007,1.767777495,7000,0,90
500,2,1,0.553650273,496.9242948,5.895526304,1.356320521,0.003144858,0.196756897,7000,0,90
500,2,10,5.503812104,478.4394323,19.63254942,1.356286351,0.007963917,1.9675194,7000,0,90
500,2,11,6.194290743,477.4758938,20.79118174,1.356282117,0.007672012,2.164264583,7000,0,90
500,2,12,6.494202442,476.8454571,21.82092885,1.356275982,0.008366923,2.36100523,7000,0,90
500,2,2,1.106690358,494.0210304,7.85556617,1.356327381,0.005603049,0.393515784,7000,0,90
500,2,3,1.660860568,491.3422845,9.682279781,1.356324764,0.004928784,0.590272537,7000,0,90
500,2,4,2.212919027,488.8528307,11.35284019,1.356317499,0.00637048,0.787025834,7000,0,90
500,2,5,2.768859975,486.6030227,12.76924881,1.356314498,0.005880664,0.983780116,7000,0,90
500,2,6,3.317606574,484.5088785,14.30357635,1.356307118,0.006755525,1.180529715,7000,0,90
500,2,7,3.879536826,482.6995738,15.65754253,1.356302927,0.006396157,1.377280412,7000,0,90
500,2,8,4.417207874,481.0442261,17.06117084,1.356296572,0.00746547,1.574027382,7000,0,90
500,2,9,5.000420308,479.6618421,18.30927739,1.356292523,0.007136584,1.770775518,7000,0,90
750,2,1,0.369243924,746.9233399,5.895443168,1.356848716,0.001244776,0.19683352,7000,0,90
750,2,10,3.670699826,728.4224771,19.72172573,1.356837233,0.001735428,1.968318546,7000,0,90
750,2,11,4.131219596,727.4585668,20.87632069,1.356835429,0.00170532,2.165147522,7000,0,90
750,2,12,4.331243916,726.8255409,21.92411387,1.356833383,0.001766906,2.361975552,7000,0,90
750,2,2,0.738079188,744.0180676,7.87796547,1.35685244,0.00152921,0.393668121,7000,0,90
750,2,3,1.107669957,741.3382474,9.702682236,1.356850957,0.001439967,0.590501536,7000,0,90
750,2,4,1.475857261,738.846355,11.39505214,1.356848791,0.001595752,0.787334125,7000,0,90
750,2,5,1.846631846,736.5956222,12.80835316,1.35684729,0.001534525,0.984166568,7000,0,90
750,2,6,2.212614649,734.4990545,14.35989028,1.356844852,0.001633373,1.18099776,7000,0,90
750,2,7,2.587388069,732.6889741,15.71046038,1.356843019,0.001595806,1.377828857,7000,0,90
750,2,8,2.945987623,731.0306927,17.13538572,1.356841009,0.00169333,1.574659218,7000,0,90
750,2,9,3.334958574,729.6477693,18.37938613,1.356839245,0.001658319,1.771489318,7000,0,90
1000,6,1,0.833645113,990.4478965,18.33793846,1.356983309,0.002493912,0.196853045,7000,0,90
1000,6,10,8.250874565,932.6447113,64.40654437,1.356904346,0.02077063,1.968415904,7000,0,90
1000,6,11,9.423589584,929.520638,68.25377063,1.356901073,0.019860029,2.165252272,7000,0,90
1000,6,12,9.81190901,927.7183689,71.22585145,1.356892264,0.02176661,2.362078053,7000,0,90
1000,6,2,1.65947251,981.4483192,25.15453317,1.356968639,0.013123068,0.393701835,7000,0,90
1000,6,3,2.497178089,973.1366343,31.81871583,1.356962335,0.010955797,0.590550008,7000,0,90
1000,6,4,3.316759444,965.4064054,37.24887192,1.356946109,0.016351658,0.787390596,7000,0,90
1000,6,5,4.163922995,958.3756541,42.25023541,1.356943074,0.01475049,0.984236043,7000,0,90
1000,6,6,4.969164889,951.8273741,47.22076353,1.356930387,0.017914464,1.181072209,7000,0,90
1000,6,7,5.838399084,946.1364171,51.65890476,1.356927126,0.016666332,1.377914266,7000,0,90
1000,6,8,6.61218235,940.9364687,56.0943951,1.356916757,0.019565026,1.574747127,7000,0,90
1000,6,9,7.538740405,936.506059,60.23105149,1.356913733,0.018509618,1.77158657,7000,0,90
250,6,1,3.014802633,241.2886856,16.27386084,1.22676277,0.687665958,0.177962386,7000,0,90
250,6,10,29.15164724,190.422695,49.74907652,1.19799846,0.738763416,1.737896432,6999.863183,2.952879043,90
250,6,11,33.09918482,187.9291072,52.30581073,1.191347764,0.742018227,1.901073339,6999.874856,2.816321055,90
250,6,12,34.25153595,186.4444118,54.36754638,1.180127245,0.760432444,2.054365509,6999.840064,3.523205772,90
250,6,2,6.132444138,232.8114753,21.53621556,1.253742014,0.673634908,0.36375235,6999.995325,0.154143563,90
250,6,3,9.166833648,225.3194377,26.51023559,1.245381002,0.690043418,0.541989812,6999.996883,0.125876988,90
250,6,4,12.11752854,218.4151145,30.3832147,1.239419347,0.699757067,0.719193733,6999.967593,1.055194328,90
250,6,5,15.12553245,212.2249743,34.05877268,1.23235156,0.707949473,0.893865665,6999.974074,0.943883517,90
250,6,6,17.95039099,206.5469218,37.59230939,1.225407437,0.715585976,1.066594633,6999.949983,1.473294474,90
250,6,7,20.96202533,201.6999244,40.66432116,1.218069242,0.720841565,1.236908713,6999.957128,1.364117924,90
250,6,8,23.62187698,197.2817548,43.90938361,1.21178305,0.726773211,1.406314623,6999.918356,2.090627917,90
250,6,9,26.78098425,193.6050638,46.75066423,1.205249457,0.730666277,1.573573691,6999.927427,1.971229906,90
500,6,1,1.665373428,490.4512999,18.38618824,1.355423873,0.024840232,0.196626823,7000,0,90
500,6,10,16.46850076,432.9446212,62.64540645,1.35418588,0.092781529,1.964472317,7000,0,90
500,6,11,18.80196575,429.8170038,66.53085691,1.35380369,0.108501763,2.160309674,7000,0,90
500,6,12,19.57572493,428.0340534,69.37720611,1.35368731,0.1110185,2.356498869,7000,0,90
500,6,2,3.315037379,481.4936694,24.59839959,1.355371123,0.053865199,0.393238342,7000,0,90
500,6,3,4.987877935,473.2129665,31.06632989,1.355203535,0.057303464,0.589784578,7000,0,90
500,6,4,6.624376972,465.5255043,36.16940918,1.355075613,0.065272565,0.786305209,7000,0,90
500,6,5,8.31567012,458.524456,41.06589937,1.354961167,0.066712911,0.9827985,7000,0,90
500,6,6,9.92296317,452.018309,45.81432832,1.354829677,0.072073665,1.179243751,7000,0,90
500,6,7,11.65676586,446.3446177,50.25158667,1.354607576,0.078507346,1.37555884,7000,0,90
500,6,8,13.2011748,441.188035,54.4815739,1.354538933,0.080969736,1.571987583,7000,0,90
500,6,9,15.04773413,436.7670109,58.63948948,1.354270035,0.09071128,1.768134958,7000,0,90
750,6,1,1.111227883,740.4494371,18.34129953,1.35661849,0.005541637,0.196800122,7000,0,90
750,6,10,10.99725372,682.7724524,63.54663359,1.35642229,0.039965823,1.967716602,7000,0,90
750,6,11,12.56019844,679.6571333,67.38656777,1.356410636,0.038876747,2.164469665,7000,0,90
750,6,12,13.07768534,677.8725336,70.26235392,1.356392519,0.041090358,2.361208097,7000,0,90
750,6,2,2.211991675,731.466345,24.87421925,1.356577313,0.031352772,0.393588298,7000,0,90
750,6,3,3.328576038,723.1635641,31.495085,1.356557081,0.027868116,0.590373642,7000,0,90
750,6,4,4.420963528,715.4513561,36.75005994,1.356522118,0.035241614,0.787144568,7000,0,90
750,6,5,5.55012962,708.4301981,41.72548873,1.356511235,0.032970525,0.983922816,7000,0,90
750,6,6,6.623372927,701.9002865,46.57189769,1.356484016,0.037202368,1.180683688,7000,0,90
750,6,7,7.78192292,696.2174052,51.00836694,1.356472697,0.035342317,1.377452808,7000,0,90
750,6,8,8.813222243,691.0366611,55.33281028,1.356452145,0.038721934,1.574207929,7000,0,90
750,6,9,10.04814746,686.6146817,59.46652025,1.356441336,0.037310965,1.770969808,7000,0,90
1000,12,1,1.780795604,973.3140112,53.27912921,1.532580665,0.149522802,0.195352949,7000,0,80
1000,12,10,16.36157677,807.5373548,182.1773942,1.526269743,0.34350805,1.945485165,6999.478455,11.43029595,80
1000,12,11,18.90798226,796.3936655,191.024416,1.526051013,0.345987847,2.139726993,6999.525869,10.89939087,80
1000,12,12,19.59051956,791.7451396,196.1887266,1.526107838,0.345255217,2.334334548,6999.188246,16.1326876,80
1000,12,2,3.384191671,948.6891464,75.76787407,1.53093742,0.227286583,0.39028698,7000,0,80
1000,12,3,5.058279875,926.309687,98.22765986,1.529504167,0.269380268,0.584882394,7000,0,80
1000,12,4,6.63528919,905.1760272,114.1708789,1.528641295,0.293044784,0.779403241,7000,0,80
1000,12,5,8.429228657,810.7330427,207.5442408,1.682081044,0.791073928,0.937479835,6864.617061,504.5857249,80
1000,12,6,9.85422039,789.4643224,218.430766,1.679496515,0.80809548,1.123247269,6855.031994,525.9131875,80
1000,12,7,11.65377019,850.0594269,151.9245269,1.527264818,0.3229699,1.362727489,6999.956425,1.468262767,80
1000,12,8,13.10673896,834.2753255,162.7751931,1.526847962,0.33278023,1.556977762,6999.729974,7.000727506,80
1000,12,9,15.03893714,820.1450214,172.1914609,1.526621993,0.335800891,1.751340751,6999.759977,6.600894699,80
250,12,1,4.382713678,235.0372068,26.83498876,0.989593536,0.97407312,0.126140189,6981.08985,113.0999793,80
250,12,10,33.83232363,159.1295518,67.29499361,0.788044249,0.91000041,1.004493737,6866.937765,470.0234991,80
250,12,11,38.13850321,155.2159023,69.86709947,0.774457652,0.903983956,1.085892889,6863.191785,477.6457466,80
250,12,12,39.10225697,153.6742081,71.32417751,0.757542115,0.89318572,1.158736419,6862.350904,485.8668785,80
250,12,2,8.667983324,220.4691913,34.84400187,1.00393238,0.982845557,0.255935828,6960.243677,208.6673395,80
250,12,3,12.34629154,209.4519016,42.13624463,0.947839372,0.970185409,0.362453776,6934.49938,303.988578,80
250,12,4,15.73872576,199.2898358,47.19745857,0.915559901,0.960523151,0.466813475,6917.270484,353.3942664,80
250,12,5,18.15477393,178.6871406,57.80006594,0.950679321,1.03545057,0.529845275,6588.084399,902.7642417,80
250,12,6,20.84763159,170.1951109,61.09007202,0.921497557,1.02407203,0.616297566,6563.477211,928.0077898,80
250,12,7,25.56693199,175.3344285,58.62219583,0.841722506,0.934149357,0.751040935,6889.426332,420.8880472,80
250,12,8,28.1444493,169.1420038,61.71854112,0.820832752,0.924929952,0.837030518,6879.463434,443.2811896,80
250,12,9,31.65863381,163.6210515,64.54931285,0.806170209,0.918944135,0.924838464,6875.537992,451.592972,80
500,12,1,3.270616585,477.1254092,42.25075361,1.45687345,0.644341832,0.185702802,6999.983252,0.302136518,80
500,12,10,28.63051682,346.2278792,121.5842999,1.336543865,0.812796071,1.703647913,6969.416436,207.9019425,80
500,12,11,32.78092654,338.6440923,127.0440918,1.32642192,0.817317285,1.859820388,6968.149181,212.8374317,80
500,12,12,33.71984907,335.6811276,130.257288,1.311761146,0.828977387,2.006469849,6965.177306,227.071873,80
500,12,2,6.352196028,455.5429835,55.84087646,1.46144247,0.66001157,0.3725704,6995.782226,50.75859877,80
500,12,3,9.367093552,437.1321639,69.75282806,1.431469013,0.712608422,0.54739375,6990.312878,94.46557286,80
500,12,4,12.19333841,419.9056659,79.35386137,1.414857129,0.739160144,0.721388488,6985.583457,127.1582171,80
500,12,5,14.45734899,373.6367362,111.3687009,1.491950048,1.052373557,0.831513493,6751.275598,720.2240776,80
500,12,6,16.85989539,358.2514891,117.7834147,1.475018953,1.063640011,0.986492676,6734.968517,744.9229698,80
500,12,7,20.83863132,377.101075,102.5635944,1.370438445,0.78349754,1.222796543,6977.818232,167.7292479,80
500,12,8,23.28478803,365.3061324,109.4748025,1.359412961,0.794665214,1.38623871,6974.192664,186.7935387,80
500,12,9,26.49849847,355.04972,115.2497926,1.3484938,0.801084994,1.546992087,6973.018759,191.5252257,80
750,12,1,2.326263189,724.7956215,48.33490969,1.528575509,0.244478966,0.194842425,7000,0,80
750,12,10,21.45947659,570.2523856,156.4306753,1.502805184,0.520042437,1.915575675,6993.915862,66.49027,80
750,12,11,24.70954424,560.4250058,163.9411854,1.498881702,0.535878104,2.101631997,6993.744972,66.53934123,80
750,12,12,25.56728841,556.4501962,168.3751395,1.496239279,0.542016636,2.288647602,6992.496032,78.00541117,80
750,12,2,4.459450431,701.3235586,66.39635365,1.526349309,0.314638871,0.389117317,6999.963925,0.758525265,80
750,12,3,6.676994402,680.1380281,85.26406858,1.522574411,0.367872922,0.582232455,6999.646873,6.059241025,80
750,12,4,8.765266634,660.1964122,98.42256753,1.520367114,0.39662076,0.775184512,6998.218674,27.69307865,80
750,12,5,10.86702091,588.9032246,159.3229989,1.65543998,0.874267999,0.922631882,6822.97917,593.843725,80
750,12,6,12.72312692,569.8647537,168.1147437,1.649203419,0.893400007,1.102987247,6811.076012,616.4559457,80
750,12,7,15.34431759,608.886165,130.4488835,1.51102444,0.46973556,1.34823674,6996.642403,40.29655228,80
750,12,8,17.24738888,594.3743265,139.7755242,1.509017838,0.486164806,1.53879579,6995.284275,54.73479377,80
750,12,9,19.74407516,581.5712197,147.7809077,1.505410801,0.504106704,1.727007271,6995.189412,54.13980609,80
1000,24,1,4.23539196,909.5990037,139.1716272,1.524540727,0.392862568,0.194328125,6981.814905,94.5389683,80
1000,24,10,29.723349,663.9449105,279.5010334,1.375110753,0.70032186,1.75280784,6875.682674,419.5072803,80
1000,24,11,34.02952231,650.370165,290.071439,1.361681924,0.707463434,1.909259615,6870.649227,432.458753,80
1000,24,12,34.98331729,645.1925955,295.0797548,1.348905022,0.711467116,2.063285122,6874.191647,433.9654429,80
1000,24,2,7.274066351,869.0928632,159.27566,1.52047223,0.447875731,0.387619054,6972.177336,124.1516736,80
1000,24,3,10.39729372,833.7484338,181.800271,1.489771625,0.542754081,0.569688669,6950.186257,196.7873164,80
1000,24,4,13.2033232,800.8708794,198.7943191,1.472837646,0.586970121,0.750950821,6933.731786,248.4701058,80
1000,24,5,15.50886801,653.273732,302.5049632,1.538952573,0.993429635,0.857709568,6564.880054,891.7210917,80
1000,24,6,17.80298288,629.4835751,308.7868086,1.51656947,1.008552297,1.014281662,6544.093934,915.8827365,80
1000,24,7,21.95213805,720.4977542,242.936671,1.415816872,0.660477968,1.263286201,6902.290751,343.0394043,80
1000,24,8,24.33411018,698.756844,256.0912413,1.403023477,0.676662088,1.430709807,6890.669714,378.4023004,80
1000,24,9,27.65087222,679.8066554,267.6811017,1.388056641,0.686737948,1.592378579,6885.733278,390.4200486,80
250,24,1,5.895795664,225.3423216,35.11270285,0.607955322,0.800733681,0.077494038,6781.368361,679.2319961,80
250,24,10,36.76259311,149.4271776,74.86630152,0.42725642,0.634117563,0.544609517,6626.314729,894.8076091,80
250,24,11,41.3490457,145.7061702,77.4124322,0.418276005,0.627866597,0.586478729,6616.057891,899.5039644,80
250,24,12,42.32654648,144.2836088,78.66376758,0.408104582,0.615726162,0.624236769,6630.673395,883.3364195,80
250,24,2,10.65589238,209.7688439,42.81846414,0.598599391,0.765460004,0.152602938,6746.817805,720.3307826,80
250,24,3,14.58972048,198.7430301,49.77744156,0.547701544,0.732219861,0.20944107,6709.089609,779.9071567,80
250,24,4,18.06507557,188.586003,54.75318433,0.520042455,0.709691153,0.265152313,6686.224433,814.5551222,80
250,24,5,20.09791372,163.8524123,65.48481268,0.523118534,0.757844515,0.291551396,6291.105606,1175.570875,80
250,24,6,22.72003743,156.6286831,68.09691108,0.502420067,0.739142763,0.33601854,6267.61845,1193.108465,80
250,24,7,28.32631952,165.0435486,66.28360363,0.463736285,0.666816423,0.413776429,6651.854928,863.2198033,80
250,24,8,30.8767894,159.0697778,69.33207193,0.449404505,0.652735173,0.458272754,6641.294188,877.6212767,80
250,24,9,34.63007773,153.6865193,72.22446923,0.439067015,0.645915531,0.50369768,6634.766382,883.3863026,80
500,24,1,5.782229914,447.36451,75.26952932,1.142311941,0.929476811,0.145606695,6848.420355,518.1245752,80
500,24,10,35.53602017,302.7300967,150.1162745,0.82318499,0.866214142,1.049286468,6729.038244,734.2674678,80
500,24,11,40.0118693,295.6539599,155.111197,0.806435372,0.861361285,1.130729916,6725.317698,741.1965719,80
500,24,12,40.95652575,292.9345164,157.4790673,0.788118436,0.850716092,1.20550596,6737.549109,729.8189424,80
500,24,2,10.29752309,418.0124554,88.98974257,1.131644377,0.927689835,0.288493873,6829.162944,544.1526921,80
500,24,3,14.07123381,396.9856104,101.7020257,1.040448565,0.919612455,0.397867531,6798.69935,605.5044104,80
500,24,4,17.42983032,377.5454928,111.0548955,0.992223698,0.910493616,0.50590179,6779.064146,643.3642565,80
500,24,5,19.3411624,315.7469953,145.1305489,0.986870428,1.018151555,0.550015785,6400.028436,1074.674871,80
500,24,6,21.86016272,302.5925062,148.9729907,0.950390792,1.005951864,0.635621362,6378.55074,1093.976788,80
500,24,7,27.3338826,332.5571799,133.2323806,0.88964225,0.887462651,0.793798125,6749.756625,697.2057927,80
500,24,8,29.82006297,321.11848,139.2357006,0.863835311,0.879080488,0.880881661,6740.623841,713.7040602,80
500,24,9,33.45227285,310.8498485,144.9081159,0.844636756,0.874152843,0.968967287,6736.441508,721.1069143,80
750,24,1,5.119420157,675.0948059,110.1569163,1.46093893,0.641372508,0.186221016,6913.512345,324.136804,80
750,24,10,33.68304906,469.0302886,221.1393266,1.168649482,0.840399488,1.48963854,6797.443151,598.851526,80
750,24,11,38.15295532,458.5566332,228.9326653,1.149185921,0.847069581,1.611311887,6792.988515,608.6174505,80
750,24,12,39.09307105,454.5572071,232.5389962,1.127349082,0.848078557,1.724393156,6801.413596,601.7096792,80
750,24,2,8.962361494,637.3259286,127.9763818,1.447692579,0.677781045,0.369065095,6900.917193,348.4738316,80
750,24,3,12.57745036,607.1480199,146.550695,1.377054486,0.725300409,0.526585636,6872.594714,424.1739221,80
750,24,4,15.81594297,579.1251581,160.2537713,1.339918084,0.746560827,0.683179567,6853.667174,470.8170502,80
750,24,5,17.94536383,476.1541629,224.9069494,1.357263858,1.053261125,0.75644839,6479.74887,989.4700146,80
750,24,6,20.41892326,457.1188792,230.0117957,1.319887329,1.058247461,0.882740645,6458.174797,1011.537566,80
750,24,7,25.53591011,513.149066,194.5940596,1.24184175,0.80591608,1.108053999,6820.633639,547.9220223,80
750,24,8,28.01115871,496.2009584,204.0865306,1.214373041,0.821870994,1.238336669,6810.543554,570.589559,80
750,24,9,31.60233752,481.0657271,212.938155,1.193400808,0.830593807,1.369069407,6805.506015,581.2771248,80
1000,2,1,0.275309642,996.5085388,11.45607878,1.535213472,0.004693713,0.195688544,7000,0,80
1000,2,10,2.736219521,966.7631652,61.09635984,1.534453337,0.107906961,1.955916521,7000,0,80
1000,2,11,3.077879607,964.6139898,63.98234197,1.534462424,0.106894347,2.151520913,7000,0,80
1000,2,12,3.231022787,963.1932712,66.41786194,1.534448012,0.108564159,2.347091679,7000,0,80
1000,2,2,0.550186662,992.334688,22.60131009,1.534755797,0.085910263,0.391260411,7000,0,80
1000,2,3,0.825607516,988.4121048,30.26917369,1.534691321,0.089901141,0.586865961,7000,0,80
1000,2,4,1.100040835,984.6709263,36.53887799,1.534577798,0.099576813,0.782430067,7000,0,80
1000,2,5,1.374989199,941.298946,139.0464142,1.722870098,0.499395652,0.960212935,6969.923393,150.2900992,80
1000,2,6,1.640385151,933.9772976,148.9284307,1.722179373,0.509557199,1.151793564,6967.089074,158.7152779,80
1000,2,7,1.928207168,974.8287972,49.97689293,1.534525095,0.102479841,1.369205592,7000,0,80
1000,2,8,2.195909321,971.8521701,54.17285156,1.534478678,0.106254207,1.564759057,7000,0,80
1000,2,9,2.485046755,969.2944066,57.37878326,1.534488434,0.105112898,1.760365131,7000,0,80
250,2,1,1.096946757,246.6291316,8.135867132,1.529234495,0.098024813,0.194926424,7000,0,80
250,2,10,10.8775842,221.9970015,30.19990357,1.525008761,0.284577302,1.943877835,6991.380807,76.84089273,80
250,2,11,12.23468499,220.3735198,31.71956995,1.524938112,0.284987573,2.138166558,6991.473353,75.55082322,80
250,2,12,12.8417592,219.4307977,32.78622504,1.524898619,0.286170324,2.332484927,6990.626242,82.24160405,80
250,2,2,2.190459281,243.0052342,12.16019492,1.527583859,0.215178951,0.389432045,6995.883089,47.56041652,80
250,2,3,3.285508114,239.6354089,15.74583919,1.526828381,0.240437816,0.583859173,6995.652191,45.47155771,80
250,2,4,4.376412958,236.4678172,18.48838929,1.526296114,0.257425447,0.778207512,6993.999977,58.37886157,80
250,2,5,5.290633505,223.8260418,39.25243768,1.682616694,0.713616816,0.937778371,6800.731102,647.6227429,80
250,2,6,6.326904381,219.6851231,42.54161784,1.680054453,0.72851821,1.123620418,6790.063197,665.8573688,80
250,2,7,7.667983564,228.2881402,24.85340797,1.525598052,0.273206392,1.361240289,6993.266426,61.97634025,80
250,2,8,8.731241217,225.9343108,26.79184612,1.525320484,0.279281737,1.555420142,6992.157243,71.14277716,80
250,2,9,9.880403706,223.9010204,28.41886145,1.5252426,0.280025004,1.749758311,6992.323779,69.2922105,80
500,2,1,0.550064342,496.5603303,9.686066945,1.533668356,0.048099504,0.195491593,7000,0,80
500,2,10,5.462855833,469.3591441,42.89111466,1.531773041,0.1943176,1.952500036,7000,0,80
500,2,11,6.145006189,467.4681232,44.97423926,1.531770188,0.193915621,2.14774604,7000,0,80
500,2,12,6.450423415,466.2850163,46.60558663,1.531755979,0.195065588,2.342973945,7000,0,80
500,2,2,1.098876484,492.6691629,16.3519402,1.532669369,0.150559903,0.390728511,7000,0,80
500,2,3,1.648747615,489.018936,21.71418178,1.532398189,0.16463664,0.585989067,7000,0,80
500,2,4,2.196610117,485.5666482,25.878969,1.532157262,0.178021319,0.781195916,7000,0,80
500,2,5,2.703121844,461.8235222,74.02642678,1.710788102,0.604751661,0.953479236,6892.836708,423.0323484,80
500,2,6,3.231580434,456.3405349,79.8381902,1.709692888,0.616521867,1.143442604,6886.212341,437.5452468,80
500,2,7,3.849951634,476.5448947,35.20441731,1.531950391,0.186656911,1.366908269,7000,0,80
500,2,8,4.38429822,473.878603,38.05088074,1.531853279,0.191267813,1.56208185,7000,0,80
500,2,9,4.961570771,471.578535,40.33413223,1.531847235,0.190959378,1.757335148,7000,0,80
750,2,1,0.366966625,746.5239686,10.88502287,1.534742304,0.018506316,0.195628486,7000,0,80
750,2,10,3.646203782,717.8190965,52.89556269,1.53357677,0.143873177,1.95479919,7000,0,80
750,2,11,4.10151511,715.7729745,55.43297742,1.533583308,0.143034579,2.150288275,7000,0,80
750,2,12,4.305509197,714.4494598,57.49565274,1.533569603,0.144464018,2.345748065,7000,0,80
750,2,2,0.733256692,742.4687768,19.8188254,1.534075325,0.112687737,0.391086936,7000,0,80
750,2,3,1.100273009,738.6552124,26.48321492,1.53394271,0.120655721,0.586579692,7000,0,80
750,2,4,1.46596142,735.0343376,31.75836794,1.533783298,0.132268374,0.782024978,7000,0,80
750,2,5,1.819484015,701.2254959,107.0610182,1.718591147,0.544126182,0.957828132,6939.041839,271.9269221,80
750,2,6,2.172999043,694.7433023,115.0060399,1.717760796,0.554970243,1.14883842,6934.530551,283.2992383,80
750,2,7,2.569533065,725.5241928,43.35911303,1.533682183,0.137453688,1.368453489,7000,0,80
750,2,8,2.926236912,722.6761711,46.91903984,1.533618692,0.141670386,1.563882101,7000,0,80
750,2,9,3.311540303,720.2212058,49.72632447,1.533624687,0.14077724,1.759374241,7000,0,80
1000,6,1,0.828791303,989.0237507,27.00918435,1.534859333,0.030103227,0.195643403,7000,0,80
1000,6,10,8.190485999,902.8999011,113.0428127,1.532890392,0.184365855,1.953924286,7000,0,80
1000,6,11,9.354309534,896.7948881,118.5574251,1.532880954,0.18418664,2.149303481,7000,0,80
1000,6,12,9.744126559,893.4475807,122.9070425,1.532844115,0.186417155,2.344638358,7000,0,80
1000,6,2,1.648804257,976.7794745,42.7446249,1.533982085,0.131007636,0.391063166,7000,0,80
1000,6,3,2.480023714,965.3015976,57.49410144,1.533651016,0.148252573,0.586468149,7000,0,80
1000,6,4,3.29380288,954.4267756,68.34921191,1.533384271,0.16326898,0.781821527,7000,0,80
1000,6,5,4.130432489,895.2584032,166.9662493,1.712638353,0.592701373,0.954510442,6934.986595,313.0977501,80
1000,6,6,4.897896617,880.1943322,179.2655653,1.711320372,0.606471283,1.144531065,6928.828592,330.272132,80
1000,6,7,5.795732729,925.7937157,93.00884192,1.533113608,0.174635471,1.367946168,7000,0,80
1000,6,8,6.564725953,917.3462096,100.3801201,1.532996336,0.180238182,1.563247463,7000,0,80
1000,6,9,7.482482078,909.9203772,106.3633541,1.532982438,0.180168069,1.758637452,7000,0,80
250,6,1,2.937866571,240.6128116,18.09926469,1.360658678,0.792639823,0.173438626,7000,0,80
250,6,10,28.63094097,179.7561366,53.02173686,1.339047232,0.858258851,1.706838872,6956.83615,268.6422602,80
250,6,11,32.47980222,176.2464164,55.62742853,1.331939625,0.861827848,1.867556947,6955.420549,273.8891336,80
250,6,12,33.6287431,174.69274,57.3516223,1.320060966,0.873180473,2.019165254,6952.48587,286.1243154,80
250,6,2,6.004036762,230.7275171,24.14325889,1.396878451,0.780584751,0.35611088,6986.619659,130.6003092,80
250,6,3,8.985570083,222.0872584,29.94342263,1.389427557,0.802011151,0.531317098,6979.157543,168.6081307,80
250,6,4,11.88605581,214.0508453,34.09787514,1.383513105,0.815163538,0.705407215,6973.244684,198.91838,80
250,6,5,13.99318718,198.0799831,46.59260292,1.479771342,1.062916245,0.824725895,6732.585627,764.4998886,80
250,6,6,16.5740885,190.283826,49.92201898,1.469731423,1.071361175,0.982956376,6716.118968,788.6711014,80
250,6,7,20.58091478,194.0454147,44.26179556,1.361206341,0.840212231,1.214559044,6964.865832,234.2838355,80
250,6,8,23.19437397,188.5880228,47.36628485,1.353969618,0.847335893,1.380687952,6961.389272,250.1047242,80
250,6,9,26.29672921,183.8621302,50.10018154,1.347149721,0.851731896,1.54545016,6959.991226,255.1950024,80
500,6,1,1.652622141,489.2538206,23.68688425,1.530698,0.126228245,0.195112972,7000,0,80
500,6,10,16.27957248,413.1066998,80.88630869,1.523363698,0.354290801,1.941780927,6996.741474,40.72832526,80
500,6,11,18.58075786,408.0724045,85.04029663,1.522992202,0.35744089,2.135438132,6996.777576,39.67433777,80
500,6,12,19.35115123,405.7036111,87.70588403,1.52290453,0.358425018,2.329434769,6996.045797,47.08737335,80
500,6,2,3.286113564,477.9093334,33.55607772,1.528831914,0.233444662,0.389750216,6999.616651,6.056180121,80
500,6,3,4.939054132,467.5035877,43.28220176,1.527286501,0.276767404,0.584034358,6999.696562,5.042635457,80
500,6,4,6.5569722,457.712809,50.33560446,1.526334381,0.301231666,0.778227023,6998.749243,19.6206377,80
500,6,5,7.964653328,426.2926059,88.0822359,1.673718764,0.798594621,0.932819258,6846.761371,550.9125644,80
500,6,6,9.46437287,415.3011013,94.43747246,1.670518653,0.816646491,1.117242875,6836.322618,571.7989255,80
500,6,7,11.52732342,432.4001576,67.08924897,1.524665355,0.332530846,1.360408074,6998.240578,24.6178556,80
500,6,8,13.05375614,425.210445,71.96382081,1.524149315,0.342942676,1.554225862,6997.406178,34.16664299,80
500,6,9,14.87517583,418.840832,76.34653037,1.523821882,0.346094132,1.748128463,6997.502801,32.71391849,80
750,6,1,1.104269629,739.1031673,25.608087,1.53398052,0.058249676,0.195531384,7000,0,80
750,6,10,10.90568465,656.7182494,99.11941603,1.530794999,0.237018278,1.951253358,7000,0,80
750,6,11,12.45482839,651.0122679,104.0301752,1.530756451,0.237472464,2.146324646,7000,0,80
750,6,12,12.97291761,648.0603531,107.6173615,1.530693136,0.239873786,2.341348221,7000,0,80
750,6,2,2.196455652,727.2083636,38.64115973,1.532720542,0.166765364,0.390741557,7000,0,80
750,6,3,3.303281495,716.1331756,51.27013369,1.532125263,0.191462635,0.5858847,7000,0,80
750,6,4,4.386826585,705.666271,60.49204557,1.531712428,0.208774979,0.78096911,7000,0,80
750,6,5,5.432036492,659.6354116,128.8584781,1.700852934,0.668524548,0.947942035,6901.269474,415.8299545,80
750,6,6,6.448408353,646.3744378,138.3467056,1.698687202,0.685552654,1.136082001,6893.434475,434.8264497,80
750,6,7,7.717939335,678.2689577,81.77119294,1.531200999,0.224863965,1.366239611,7000,0,80
750,6,8,8.74151272,670.2906052,88.07861505,1.531003881,0.231342851,1.561215691,7000,0,80
750,6,9,9.963458621,663.25836,93.34938476,1.530956637,0.2320829,1.756313454,7000,0,80
1000,12,1,2.31450384,909.230218,148.5115411,1.710065259,0.543156762,0.190615274,6955.036746,266.5127254,70
1000,12,10,15.91762023,718.6918767,253.351808,1.674207911,0.839367697,1.866183752,6837.905213,559.9061067,70
1000,12,11,18.31858606,704.1128185,260.8587541,1.67350956,0.842315968,2.051945855,6837.41059,560.2153046,70
1000,12,12,18.95995238,698.0176066,265.7484555,1.675481936,0.829563175,2.241124637,6838.653747,561.6455779,70
1000,12,2,3.803872494,881.5744141,165.4540204,1.696642956,0.678445673,0.37823827,6907.284457,412.0571742,70
1000,12,3,5.364657246,856.7664042,182.0923336,1.68902433,0.740680879,0.564809736,6885.698933,458.8446562,70
1000,12,4,6.833553752,833.1658154,195.4399473,1.684594183,0.773604309,0.751104393,6869.802616,495.7205547,70
1000,12,5,8.429228657,810.7330427,207.5442408,1.682081044,0.791073928,0.937479835,6864.617061,504.5857249,70
1000,12,6,9.85422039,789.4643224,218.430766,1.679496515,0.80809548,1.123247269,6855.031994,525.9131875,70
1000,12,7,11.51866771,769.8539635,227.6321914,1.678311293,0.815119208,1.309530358,6852.889231,528.2237726,70
1000,12,8,12.87302233,751.3801585,236.908265,1.676510732,0.826417701,1.495000503,6845.499047,544.6871041,70
1000,12,9,14.68407492,734.1072513,244.8776751,1.67564463,0.830981328,1.681006693,6843.727741,547.1941901,70
250,12,1,4.466408207,224.9203512,34.87547683,1.061851144,1.052591067,0.118361008,6849.309556,508.1465179,70
250,12,10,31.94124839,143.5028117,70.9227711,0.850816504,0.991402697,0.948376796,6510.553211,977.5935128,70
250,12,11,36.09321922,138.5240226,73.0846317,0.837487386,0.984924729,1.0268712,6503.776785,983.2244262,70
250,12,12,37.01997918,136.7445099,74.39553576,0.821448456,0.972692219,1.098769455,6511.70496,983.8635059,70
250,12,2,8.369872032,210.1310828,42.30321979,1.071531552,1.068171514,0.238880101,6733.337401,722.0587833,70
250,12,3,11.77460361,198.7787965,49.10952838,1.013411145,1.05509544,0.338884687,6657.248513,823.9606136,70
250,12,4,14.91759863,188.2142592,53.81934572,0.979995395,1.045312665,0.43694728,6613.888109,876.3966927,70
250,12,5,18.15477393,178.6871406,57.80006594,0.950679321,1.03545057,0.529845275,6588.084399,902.7642417,70
250,12,6,20.84763159,170.1951109,61.09007202,0.921497557,1.02407203,0.616297566,6563.477211,928.0077898,70
250,12,7,24.11896964,162.250639,63.79443438,0.905081553,1.016919749,0.706204966,6550.950023,940.0022524,70
250,12,8,26.54215696,155.3031082,66.35761072,0.883670547,1.007223609,0.787998483,6533.403498,956.8832882,70
250,12,9,29.88252039,148.8371131,68.63077235,0.869338053,1.000738338,0.872119935,6524.4928,965.0429868,70
500,12,1,3.596885179,449.2759113,73.92369346,1.578458547,0.923564605,0.175945513,6916.065719,394.7450873,70
500,12,10,26.77146792,309.7803442,137.7199292,1.422857244,1.083690554,1.586011541,6698.544883,794.2950082,70
500,12,11,30.62491223,300.4312938,142.0931118,1.412417242,1.085688621,1.731811862,6694.740569,798.8129983,70
500,12,12,31.51410491,297.127286,144.7266564,1.401849106,1.07902466,1.875113365,6696.725752,800.7466883,70
500,12,2,6.405274292,426.9185718,84.86407463,1.571515393,0.976768284,0.350343165,6838.02044,575.7791903,70
500,12,3,9.152788736,407.9843876,95.98996891,1.532907153,1.01811297,0.512604152,6793.284567,653.7106433,70
500,12,4,11.72510563,390.1531727,104.0809892,1.511409868,1.039516429,0.67388728,6765.751158,699.6384878,70
500,12,5,14.45734899,373.6367362,111.3687009,1.491950048,1.052373557,0.831513493,6751.275598,720.2240776,70
500,12,6,16.85989539,358.2514891,117.7834147,1.475018953,1.063640011,0.986492676,6734.968517,744.9229698,70
500,12,7,19.62835168,344.4230586,122.8994882,1.460361834,1.068941245,1.13947166,6727.328292,754.6535583,70
500,12,8,21.85488834,331.586969,128.28614,1.447164605,1.075726314,1.290484917,6714.517071,773.1123031,70
500,12,9,24.81707071,319.8510236,132.7500086,1.435834058,1.079128815,1.440428727,6709.079473,780.0409665,70
750,12,1,2.809158879,678.6752686,110.7748315,1.697852968,0.624952544,0.189254011,6940.433037,320.631809,70
750,12,10,20.50912369,508.1061319,196.1313576,1.627787706,0.938167129,1.814440697,6787.459781,656.9738541,70
750,12,11,23.53918289,495.7930218,202.1758616,1.622359267,0.945613634,1.989228776,6785.898957,659.0111873,70
750,12,12,24.331945,491.0812452,205.9481206,1.621492737,0.932836133,2.168908685,6787.429371,660.5610808,70
750,12,2,4.78888204,653.1943598,124.6214099,1.681670282,0.759565965,0.374900362,6881.010427,481.2626604,70
750,12,3,6.846701288,630.5481112,138.6831988,1.669322237,0.820960086,0.558221356,6851.330458,540.070429,70
750,12,4,8.781844128,609.095699,149.4767026,1.662184766,0.853419637,0.741112781,6831.353965,580.2521095,70
750,12,5,10.86702091,588.9032246,159.3229989,1.65543998,0.874267999,0.922631882,6822.97917,593.843725,70
750,12,6,12.72312692,569.8647537,168.1147437,1.649203419,0.893400007,1.102987247,6811.076012,616.4559457,70
750,12,7,14.86422897,552.5856923,175.3834112,1.642567493,0.906085282,1.281640663,6807.054187,621.864272,70
750,12,8,16.61909081,536.3073305,182.877848,1.638122378,0.918529861,1.460768328,6797.8417,639.1662737,70
750,12,9,18.93058963,521.3411271,189.1842812,1.632537955,0.92784689,1.637762076,6794.814098,643.4973357,70
1000,24,1,4.702282671,772.9194565,276.8694259,1.683995581,0.755922289,0.187709374,6748.327416,656.0950435,70
1000,24,10,27.57298727,555.9168225,333.8781121,1.447474947,1.036295417,1.613452075,6497.297205,966.8147762,70
1000,24,11,31.53510022,542.2575937,340.3900512,1.433519248,1.038887302,1.757685734,6490.98204,973.2115258,70
1000,24,12,32.40150865,537.5077236,343.0426116,1.424772504,1.02364922,1.905775701,6509.641522,965.7330313,70
1000,24,2,7.478527842,737.3908559,282.344987,1.654977439,0.877674896,0.368949637,6673.286946,760.6282839,70
1000,24,3,10.26086733,707.2731396,289.8449324,1.598153939,0.942673318,0.534422677,6619.132847,828.2174645,70
1000,24,4,12.752947,679.0822524,295.7955657,1.567847494,0.974276633,0.699050936,6586.358496,868.0624256,70
1000,24,5,15.50886801,653.273732,302.5049632,1.538952573,0.993429635,0.857709568,6564.880054,891.7210917,70
1000,24,6,17.80298288,629.4835751,308.7868086,1.51656947,1.008552297,1.014281662,6544.093934,915.8827365,70
1000,24,7,20.59002618,608.1523972,314.7784091,1.494898286,1.015905946,1.166419303,6533.831806,926.3526662,70
1000,24,8,22.71234535,588.5751808,321.1573898,1.478748052,1.025443408,1.31864893,6517.832486,944.6543523,70
1000,24,9,25.72512895,570.8174932,327.3267128,1.462610871,1.02973085,1.467291226,6510.132169,952.409156,70
250,24,1,5.850003403,204.3126959,50.7374652,0.644277489,0.860563409,0.071815464,6578.650358,924.8424224,70
250,24,10,33.98476371,133.8114911,76.86001923,0.454152839,0.697864877,0.506229032,6221.05093,1225.798418,70
250,24,11,38.37395232,129.5853389,78.8828172,0.445641856,0.691517544,0.546416334,6215.206746,1229.887204,70
250,24,12,39.29697876,128.0235445,79.93676866,0.436492013,0.678387333,0.583851716,6246.824264,1218.830304,70
250,24,2,10.04646711,190.9493362,54.74403935,0.626699522,0.829758762,0.139712214,6443.696834,1047.004624,70
250,24,3,13.60000192,181.1447167,59.13116696,0.574474467,0.796674427,0.192104262,6362.789954,1118.664195,70
250,24,4,16.73611902,172.0056134,62.39750128,0.546184449,0.774541756,0.24352544,6318.055299,1155.195957,70
250,24,5,20.09791372,163.8524123,65.48481268,0.523118534,0.757844515,0.291551396,6291.105606,1175.570875,70
250,24,6,22.72003743,156.6286831,68.09691108,0.502420067,0.739142763,0.33601854,6267.61845,1193.108465,70
250,24,7,26.14602514,149.7847535,70.49227953,0.490142001,0.73110564,0.382441466,6256.227019,1200.992362,70
250,24,8,28.48982014,143.8770485,72.70526308,0.475753554,0.716807523,0.424245303,6240.611597,1212.190237,70
250,24,9,32.00929206,138.3380092,74.83189005,0.465928871,0.709924084,0.467419844,6232.753124,1217.658837,70
500,24,1,5.859511058,389.676874,126.5925878,1.197658699,1.040818692,0.133499023,6641.429099,832.2617106,70
500,24,10,32.65412598,261.6394447,163.2361538,0.863601875,0.97329282,0.962628223,6334.895161,1131.229165,70
500,24,11,36.88831018,254.1997712,166.7923453,0.847979865,0.96719192,1.039736378,6329.199384,1136.033142,70
500,24,12,37.77242954,251.4895428,168.4239268,0.832484642,0.953820903,1.113531458,6355.737991,1125.821721,70
500,24,2,9.788811646,365.310578,130.9938077,1.170093166,1.054062123,0.26085277,6537.933221,939.6060145,70
500,24,3,13.15325369,347.3604519,136.5338402,1.077262581,1.04055877,0.360236607,6465.420182,1013.846621,70
500,24,4,16.14744077,330.6064374,140.7778837,1.028601365,1.029192947,0.458619062,6424.418763,1053.002617,70
500,24,5,19.3411624,315.7469953,145.1305489,0.986870428,1.018151555,0.550015785,6400.028436,1074.674871,70
500,24,6,21.86016272,302.5925062,148.9729907,0.950390792,1.005951864,0.635621362,6378.55074,1093.976788,70
500,24,7,25.11941819,290.2130412,152.6661043,0.927958602,0.998722567,0.724055165,6367.680907,1102.896016,70
500,24,8,27.37937893,279.5664405,156.2223358,0.902546746,0.988821456,0.804831018,6353.325856,1115.530445,70
500,24,9,30.74459785,269.6419251,159.7783927,0.884572452,0.982416753,0.887403083,6345.635202,1121.907799,70
750,24,1,5.405559066,578.6561694,202.2338672,1.568379611,0.94017126,0.174822047,6692.724235,748.2285818,70
750,24,10,30.94508401,398.4580483,249.8333034,1.222159987,1.059764399,1.362300999,6412.4621,1055.723856,70
750,24,11,35.12113095,387.8086771,254.9238835,1.203779535,1.058614818,1.475994214,6406.265842,1061.518485,70
750,24,12,35.99267225,383.9949079,257.1072275,1.186305456,1.048388795,1.586802177,6429.251385,1052.214182,70
750,24,2,8.803914192,546.7396232,207.1912075,1.527638943,1.005472718,0.340561642,6607.130639,849.9759524,70
750,24,3,12.0005963,521.2736738,213.9984167,1.442999689,1.034334381,0.482539096,6541.687433,924.6140663,70
750,24,4,14.86033285,497.4408103,219.2100482,1.39908245,1.046621197,0.623804228,6504.007662,965.176581,70
750,24,5,17.94536383,476.1541629,224.9069494,1.357263858,1.053261125,0.75644839,6479.74887,989.4700146,70
750,24,6,20.41892326,457.1188792,230.0117957,1.319887329,1.058247461,0.882740645,6458.174797,1011.537566,70
750,24,7,23.55480479,439.4963901,235.0119842,1.295109326,1.058398923,1.010530637,6446.792817,1022.08474,70
750,24,8,25.77681092,424.1591199,239.9439634,1.267001391,1.060416095,1.129827374,6431.88591,1037.037374,70
750,24,9,29.06088888,409.9302007,244.9301163,1.246764974,1.059979107,1.250754622,6423.666212,1044.647817,70
1000,2,1,0.304933134,972.6331033,85.41378699,1.73439993,0.278151086,0.193327779,6999.137886,9.114398807,70
1000,2,10,2.69802119,906.979213,181.2371436,1.721083612,0.525165988,1.918434532,6965.762021,163.5837521,70
1000,2,11,3.029329673,900.9099165,187.7374019,1.72107954,0.525027301,2.110272994,6966.736101,159.1200744,70
1000,2,12,3.182800345,896.4689385,192.5809794,1.721360537,0.521376734,2.302491855,6965.563239,165.1175682,70
1000,2,2,0.571923778,964.3211211,102.280005,1.727222524,0.430627604,0.385055475,6976.255792,149.5842046,70
1000,2,3,0.839642508,956.4450871,116.3107032,1.724858684,0.469429849,0.576792744,6974.469197,142.1565215,70
1000,2,4,1.106391797,948.7581294,128.4789519,1.723392167,0.492145782,0.768403121,6969.565879,155.3848469,70
1000,2,5,1.374989199,941.298946,139.0464142,1.722870098,0.499395652,0.960212935,6969.923393,150.2900992,70
1000,2,6,1.640385151,933.9772976,148.9284307,1.722179373,0.509557199,1.151793564,6967.089074,158.7152779,70
1000,2,7,1.911662908,926.9573084,157.5225784,1.72198258,0.51240177,1.343605608,6969.951114,149.1321298,70
1000,2,8,2.172298727,919.9664605,166.1503415,1.721524545,0.518952274,1.535140821,6966.971959,160.4671944,70
1000,2,9,2.452810124,913.5105338,173.6591068,1.721400487,0.520723686,1.726908969,6968.040839,154.9334564,70
250,2,1,1.09540869,242.5330293,17.63738924,1.71203236,0.420576642,0.19083454,6960.888858,243.927361,70
250,2,10,10.45638456,205.4561625,52.61372473,1.675119462,0.755707757,1.867199827,6771.328957,695.0922375,70
250,2,11,11.74727622,202.4576524,54.60941518,1.674807776,0.757058963,2.053537642,6770.679985,695.55301,70
250,2,12,12.34513496,200.5223101,56.05289352,1.675793576,0.751135545,2.241541488,6770.90248,698.5282252,70
250,2,2,2.146518109,237.3884933,25.30288549,1.696808471,0.606961017,0.378275168,6864.38449,533.7440738,70
250,2,3,3.195349269,232.659828,31.07842711,1.689322813,0.666953242,0.564909549,6830.28319,596.4414828,70
250,2,4,4.239432435,228.1271461,35.55700121,1.684906576,0.698767122,0.751243679,6808.431133,635.9388828,70
250,2,5,5.290633505,223.8260418,39.25243768,1.682616694,0.713616816,0.937778371,6800.731102,647.6227429,70
250,2,6,6.326904381,219.6851231,42.54161784,1.680054453,0.72851821,1.123620418,6790.063197,665.8573688,70
250,2,7,7.38835996,215.8414532,45.29306757,1.679124896,0.734998408,1.310165185,6786.311551,670.2676924,70
250,2,8,8.404016473,212.1192878,47.9863946,1.677143577,0.745269859,1.495564833,6779.01381,683.11423,70
250,2,9,9.501716838,208.7227577,50.29328789,1.676680367,0.748312101,1.682045744,6776.612209,685.8362491,70
500,2,1,0.571229228,485.828606,39.83148588,1.728465875,0.343910645,0.19266633,6982.920547,126.6505155,70
500,2,10,5.337503262,436.7395813,98.23591818,1.707804522,0.636096673,1.903632774,6876.862749,454.5935433,70
500,2,11,5.996918694,432.4502959,101.8757363,1.707731549,0.636718282,2.093906577,6877.476376,452.6884892,70
500,2,12,6.302004505,429.4648497,104.5936707,1.708207465,0.631865608,2.284898305,6877.046052,456.7914411,70
500,2,2,1.103556399,479.3625983,51.13804971,1.717884074,0.518773376,0.382973623,6925.12011,355.852011,70
500,2,3,1.636861657,473.3116416,60.18258264,1.714047422,0.567387195,0.573177458,6908.271658,389.4090388,70
500,2,4,2.1681339,467.4543337,67.66869087,1.711757752,0.594177592,0.763215723,6895.282612,418.9710721,70
500,2,5,2.703121844,461.8235222,74.02642678,1.710788102,0.604751661,0.953479236,6892.836708,423.0323484,70
500,2,6,3.231580434,456.3405349,79.8381902,1.709692888,0.616521867,1.143442604,6886.212341,437.5452468,70
500,2,7,3.771831632,451.1664162,84.79639474,1.709296929,0.621042398,1.333707417,6885.763413,434.7547019,70
500,2,8,4.290677674,446.063887,89.73023512,1.708556223,0.628491951,1.523576536,6880.940383,446.6396932,70
500,2,9,4.849444977,441.3849619,93.95910992,1.708329739,0.63103904,1.713796394,6880.355889,445.9181576,70
750,2,1,0.393900957,729.2138478,62.57964882,1.732417507,0.305268478,0.193106805,6993.545056,55.36559572,70
750,2,10,3.581790571,671.1237043,140.6472313,1.716398982,0.572250784,1.913212732,6929.724792,292.2076508,70
750,2,11,4.023046545,665.8663245,145.768741,1.716373018,0.572430248,2.10450217,6930.710468,288.9773418,70
750,2,12,4.227329934,662.0878806,149.5958708,1.716722542,0.568304066,2.296288072,6929.798611,294.1825396,70
750,2,2,0.749687569,721.7439708,76.84257513,1.72393151,0.467859658,0.384321798,6955.883844,239.9812693,70
750,2,3,1.106338873,714.7014664,88.52695986,1.721033884,0.510958789,0.575513731,6947.783966,251.1864917,70
750,2,4,1.461676712,707.8504246,98.48498234,1.71927112,0.53544326,0.766565684,6939.420097,272.5050344,70
750,2,5,1.819484015,701.2254959,107.0610182,1.718591147,0.544126182,0.957828132,6939.041839,271.9269221,70
750,2,6,2.172999043,694.7433023,115.0060399,1.717760796,0.554970243,1.14883842,6934.530551,283.2992383,70
750,2,7,2.534356931,688.567225,121.8641146,1.717494309,0.558542329,1.34010356,6935.879611,275.3809339,70
750,2,8,2.881504765,682.4385295,128.724082,1.716942381,0.56546047,1.531054753,6932.151633,286.9716821,70
750,2,9,3.25520583,676.7941455,134.6577415,1.716782918,0.567564343,1.722276623,6932.485317,283.5433191,70
1000,6,1,0.955036358,961.9014056,93.74342072,1.730400145,0.334940257,0.192881936,6994.065223,51.61740462,70
1000,6,10,8.029032568,827.4440503,217.401799,1.708798282,0.630662384,1.904740485,6920.460624,350.3395043,70
1000,6,11,9.163513,815.8958497,224.9792855,1.708687487,0.63161273,2.095078685,6920.899161,349.3723064,70
1000,6,12,9.539470165,808.9996762,231.0113896,1.709033101,0.627872018,2.286002675,6919.667631,355.9717994,70
1000,6,2,1.741974813,943.842637,117.1152369,1.720849501,0.495131646,0.383634715,6959.681706,246.3189605,70
1000,6,3,2.540877102,927.0493706,137.0208728,1.716439203,0.550285391,0.573977269,6947.61245,275.9061094,70
1000,6,4,3.322156635,910.8535107,153.1190285,1.713853289,0.580073205,0.764150053,6936.917377,308.1567353,70
1000,6,5,4.130432489,895.2584032,166.9662493,1.712638353,0.592701373,0.954510442,6934.986595,313.0977501,70
1000,6,6,4.897896617,880.1943322,179.2655653,1.711320372,0.606471283,1.144531065,6928.828592,330.272132,70
1000,6,7,5.728242348,866.1484182,189.6129441,1.710789941,0.611861075,1.334872365,6929.181249,325.3033702,70
1000,6,8,6.465312676,852.4400709,199.8641927,1.709804969,0.621136801,1.524690085,6924.408268,339.9584835,70
1000,6,9,7.350455441,839.6716719,208.5440061,1.709538804,0.624059928,1.715009328,6924.092558,339.254441,70
250,6,1,2.866514464,236.2447739,23.59400975,1.472110003,1.006374575,0.164091195,6935.243993,333.7942289,70
250,6,10,26.85261923,165.8340482,60.28579057,1.435797959,1.086536783,1.600436125,6681.038126,836.1383371,70
250,6,11,30.45069264,161.1323632,62.54934684,1.428093959,1.088272968,1.751033606,6677.127635,841.1338659,70
250,6,12,31.57698798,159.110688,64.22743127,1.421163164,1.082502234,1.900947848,6677.419691,845.1474064,70
250,6,2,5.737331457,225.088509,31.43801424,1.507744615,1.017701748,0.336126533,6828.870533,607.2339928,70
250,6,3,8.524544433,215.4694681,38.07452778,1.496876263,1.041025954,0.500555422,6778.225437,694.1631795,70
250,6,4,11.23001765,206.4407911,42.71508854,1.488365037,1.054840062,0.663612358,6747.580198,743.2974082,70
250,6,5,13.99318718,198.0799831,46.59260292,1.479771342,1.062916245,0.824725895,6732.585627,764.4998886,70
250,6,6,16.5740885,190.283826,49.92201898,1.469731423,1.071361175,0.982956376,6716.118968,788.6711014,70
250,6,7,19.34802341,183.3106836,52.64456813,1.461638734,1.075296447,1.140467983,6708.178054,798.5609217,70
250,6,8,21.77752783,176.8294756,55.38604406,1.452667723,1.080291036,1.295392231,6696.265761,815.6289622,70
250,6,9,24.67892904,170.9733688,57.75081581,1.445220846,1.083077516,1.449845553,6690.42743,823.1119074,70
500,6,1,1.732418565,477.191497,46.61768477,1.707404551,0.509940798,0.190318694,6969.254027,198.355058,70
500,6,10,15.57997483,378.7199598,113.9849029,1.664030807,0.849592521,1.854839673,6817.730209,605.2844284,70
500,6,11,17.76987193,371.1418887,118.0247927,1.663197956,0.852603145,2.039302454,6816.83978,606.7744111,70
500,6,12,18.50491002,367.3561341,121.0641628,1.66490296,0.842621122,2.226974199,6816.494137,611.170081,70
500,6,2,3.284774926,462.8910111,60.53309222,1.691589337,0.674357294,0.37711165,6901.7511,435.2067863,70
500,6,3,4.85124683,450.0710291,72.03729225,1.682233279,0.743628469,0.562538809,6872.937203,497.1302997,70
500,6,4,6.381984741,437.8532424,80.73374613,1.67680383,0.779731464,0.747630934,6853.650075,538.3917701,70
500,6,5,7.964653328,426.2926059,88.0822359,1.673718764,0.798594621,0.932819258,6846.761371,550.9125644,70
500,6,6,9.46437287,415.3011013,94.43747246,1.670518653,0.816646491,1.117242875,6836.322618,571.7989255,70
500,6,7,11.08871759,405.215828,99.76348927,1.669111416,0.824332274,1.302352001,6833.392746,574.9902891,70
500,6,8,12.52819667,395.6509778,104.932113,1.666845888,0.836213885,1.48638204,6825.870198,590.2186794,70
500,6,9,14.25615221,386.79961,109.4181352,1.665847023,0.840868491,1.671177733,6823.457005,593.8385325,70
750,6,1,1.218112306,719.4108664,70.1537341,1.725315088,0.381074205,0.192315122,6984.983347,112.8992213,70
750,6,10,10.59565145,600.8388419,167.4227943,1.694516061,0.716483548,1.88882057,6881.265641,460.6059984,70
750,6,11,12.09508091,591.0438733,173.2668056,1.694239124,0.718212751,2.077363065,6881.350205,460.5030415,70
750,6,12,12.59215945,585.6282088,177.7523893,1.694824275,0.713642696,2.266996951,6880.471083,466.0242961,70
750,6,2,2.264940693,702.9539129,89.31024359,1.713399287,0.551307764,0.381973814,6937.549957,326.2008656,70
750,6,3,3.324579215,687.9026481,105.3839264,1.706743828,0.617264811,0.570735136,6918.956669,371.1759352,70
750,6,4,4.360532258,673.4535512,118.0569576,1.702902671,0.651860872,0.759267537,6904.888314,407.8009904,70
750,6,5,5.432036492,659.6354116,128.8584781,1.700852934,0.668524548,0.947942035,6901.269474,415.8299545,70
750,6,6,6.448408353,646.3744378,138.3467056,1.698687202,0.685552654,1.136082001,6893.434475,434.8264497,70
750,6,7,7.54903178,634.0833869,146.2750368,1.697816607,0.692699295,1.324749705,6892.528374,433.4963088,70
750,6,8,8.524667209,622.2377936,154.0449719,1.696200613,0.704409735,1.512558627,6886.725406,448.2965599,70
750,6,9,9.69777143,611.1907225,160.6961475,1.695764657,0.707926002,1.701191104,6885.662387,449.5031346,70
