;Succinate;EtOH;Formate;Acétate;1,3-propanediol;Propionate;isobutyrate;Ethanol;Butyrate;isovalérate;Butanol;H2;Caproate;;;;;;;;;;;;g TS in;30,92783505;g VS in;30;;;;30;VS/L;;2;L;;;;;;;;;;;;;;;;;;;;;;;;;;;;;;;;;;;
;0,948;2,0842;1,39;1,067;1,26;1,51;1,818;2,0842;1,818;2,0326;2,59;8;2,2;;;;;;;;;;;;;46,39175258;;45;;;OLR30;38,4;g COD/L;;CODin - I;76,8;g COD;;;;;;;;;;;;;;;;;;;;;;;;;;;;;;;;;;
;;;;;;;;;;;;;;;;;;;;;;;;;;46,39175258;;45;;;OLR45;57,6;;;CODin - II;115,2;g COD;;;;;;;;;;;;;;;;;;;;;;;;;;;;;;;;;;
;;;;;;;;;;;;;;;;;;;;;;;;;;;;;;;OLR60;57,6;higher Q;;CODin - III;;;;;;;;;;;;;;;;;;;;;;;;;;;;;;;;;;;;
;;;;;headpsace;;;;;VFAs;;;;;;;;;;;;;;;VFAs-COD;;;;;;;;;;;;;;;;;;;;;;;Profile (%COD);;;;;;;;;;;;;;;;;;;;;;;
;;Days;Date;Time;CO2;H2;O2;N2;CH4;C2;C3;IC4;C4;IC5;C5;IC6;C6;Lactate;Succinate;Formate;EtOH;Total met;Total VFAs;Days;C2 ;C3;IC4;C4;IC5;C5;IC6;C6;Lactate;Succinate;Formate;EtOH;COD-VFAs;COD-VFAs/CODin;tCOD (g/L);sCOD (g/L);VFAs-COD/sCOD;sCOD/tCOD;COD removal (%);g met/g Vsin;g VFAs/g VS;g VFAs/g Tsin;g COD-met/Ld;C2 ;C3;IC4;C4;IC5;C5;IC6;C6;Lactate;Succinate;Formate;EtOH;;;;;;;;;;;;
OLR 30 g VS/Ld;;0;28/06/2022;;;;;;;;;;;;;;;;;;;;;0;;;;;;;;;;;;;;;;;;;;;;;;;;;;;;;;;;;;;;;;;;;;;;;
;1,000;1;29/06/2022;10:00;;;;;;3,63;3,501;0,044;0,699;0,029;0,075;0;0;0;0;0;0;7,978;7,978;1;3,87;5,29;0,08;1,27;0,06;0,15;0,00;0,00;0,00;0,00;0,00;0,00;10,72;27,92;;;#DIV/0!;#DIV/0!;100,00;0,27;0,27;0,26;10,72;36,1;49,3;0,7;11,9;0,5;1,4;0,0;0,0;0,0;0,0;0,0;0,0;;;;;;;;;;;;
;1,000;2;30/06/2022;11:00;28,26;36,06;3,55;32,12;;5,117;3,878;0,075;1,131;0,07;0,085;0,028;0;0;0,830;0;0;11,214;10,384;2;5,46;5,86;0,14;2,06;0,14;0,17;0,06;0,00;0,00;0,79;0,00;0,00;14,67;38,21;;;#DIV/0!;#DIV/0!;100,00;0,37;0,35;0,34;14,67;37,2;39,9;0,9;14,0;1,0;1,2;0,4;0,0;0,0;5,4;0,0;0,0;;;;;;;;;;;;
;1,000;3;01/07/2022;12:00;26,58;43,17;4,9;25,34;;5,371;3,144;0,086;1,275;0,08;0,088;0,046;0;0;1,473;0;0,8442;12,407;10,090;3;5,73;4,75;0,16;2,32;0,16;0,18;0,10;0,00;0,00;1,40;0,00;1,76;16,55;43,10;;;#DIV/0!;#DIV/0!;100,00;0,41;0,34;0,33;16,55;34,6;28,7;0,9;14,0;1,0;1,1;0,6;0,0;0,0;8,4;0,0;10,6;;;;;;;;;;;;
;3,000;6;04/07/2022;12:00;;;;;;5,249;2,106;0,078;1,245;0,054;0,09;0,08;0,042;0;1,752;0,546;1,201;12,443;8,944;6;5,60;3,18;0,14;2,26;0,11;0,18;0,18;0,09;0,00;1,66;0,76;2,50;16,67;43,41;;;#DIV/0!;#DIV/0!;100,00;0,41;0,30;0,29;16,67;33,6;19,1;0,9;13,6;0,7;1,1;1,1;0,6;0,0;10,0;4,6;15,0;;;;;;;;;;;;
;1,000;7;05/07/2022;12:00;29,92;63,12;0;6,97;;5,666;2,176;0,07;1,321;0,055;0,092;0,074;0,038;0;1,532;0,549;1,195;12,768;9,492;7;6,05;3,29;0,13;2,40;0,11;0,19;0,16;0,08;0,00;1,45;0,76;2,49;17,11;44,56;;;#DIV/0!;#DIV/0!;100,00;0,43;0,32;0,31;17,11;35,3;19,2;0,7;14,0;0,7;1,1;1,0;0,5;0,0;8,5;4,5;14,6;;;;;;;;;;;;
;1,000;8;06/07/2022;12:00;26,84;65,96;0;7,2;;5,003;1,848;0,055;1,477;0,043;0,098;0,059;0,046;0;1,589;0,492;1,404;12,114;8,629;8;5,34;2,79;0,10;2,69;0,09;0,20;0,13;0,10;0,00;1,51;0,68;2,93;16,55;43,09;25,36;16,66;99,33;0,66;33,96;0,40;0,29;0,28;16,55;32,3;16,9;0,6;16,2;0,5;1,2;0,8;0,6;0,0;9,1;4,1;17,7;;;;;;;;;;;;
;1,000;9;07/07/2022;12:00;20,98;52,56;4,67;21,8;;4,946;1,776;0,068;1,596;0,061;0,1;0,049;0,042;0,623;1,892;0,873;1,226;13,252;8,638;9;5,28;2,68;0,12;2,90;0,12;0,20;0,11;0,09;0,66;1,79;1,21;2,55;17,74;46,19;25,92;16,84;105,33;0,65;32,50;0,44;0,29;0,28;17,74;29,8;15,1;0,7;16,4;0,7;1,1;0,6;0,5;3,7;10,1;6,8;14,4;;;;;;;;;;;;
;1,000;10;08/07/2022;12:00;26,61;64,15;0,18;9,04;0,01;4,853;1,664;0,071;1,79;0,068;0,093;0,037;0,034;0,705;1,994;0,996;1,228;13,534;8,610;10;5,18;2,51;0,13;3,25;0,14;0,19;0,08;0,07;0,75;1,89;1,38;2,56;18,14;47,25;26,36;16,98;106,86;0,64;31,35;0,45;0,29;0,28;18,14;28,5;13,8;0,7;17,9;0,8;1,0;0,4;0,4;4,1;10,4;7,6;14,1;;;;;;;;;;;;
;3,000;13;11/07/2022;12:00;35,94;45,91;;18,11;0,04;5,843;2,203;0,097;2,325;0,08;0,244;0,033;0,158;0;2,261;0,579;0;13,823;10,983;13;6,23;3,33;0,18;4,23;0,16;0,50;0,07;0,35;0,00;2,14;0,80;0,00;17,99;46,85;30,92;18,24;98,63;0,59;19,48;0,46;0,37;0,36;17,99;34,7;18,5;1,0;23,5;0,9;2,8;0,4;1,9;0,0;11,9;4,5;0,0;;;;;;;;;;;;
;1,000;14;12/07/2022;12:00;25;35,36;4,86;34,73;0,05;5,055;1,999;0,089;2,562;0,089;0,26;0,019;0,237;0,085;1,958;0,853;0;13,206;10,310;14;5,39;3,02;0,16;4,66;0,18;0,53;0,04;0,52;2,09;0,55;1,19;0,00;18,33;47,73;28,76;17,06;107,43;0,59;25,10;0,44;0,34;0,33;18,33;29,4;16,5;0,9;25,4;1,0;2,9;0,2;2,8;11,4;3,0;6,5;0,0;;;;;;;;;;;;
;1,000;15;13/07/2022;12:00;26,73;42,2975;4,765;27,3425;0,045;4,74;1,777;0,079;3,049;0,087;0,294;0;0,314;0,380;1,387;1,000;0;13,107;10,340;15;5,06;2,68;0,14;5,54;0,18;0,60;0,00;0,69;0,09;1,31;1,39;0,00;17,69;46,06;28,48;16,96;104,30;0,60;25,83;0,44;0,34;0,33;17,69;28,6;15,2;0,8;31,3;1,0;3,4;0,0;3,9;0,5;7,4;7,9;0,0;;;;;;;;;;;;
;5,000;20;18/07/2022;12:00;28,46;49,235;4,67;19,955;0,04;4,015;1,022;0,06;2,51;0,069;0,341;0;0,463;0,920;1,410;0,732;0;11,542;8,480;20;4,28;1,54;0,11;4,56;0,14;0,69;0,00;1,02;0,91;1,34;1,02;0,00;15,62;40,67;;;;;;0,38;0,28;0,27;15,62;27,4;9,9;0,7;29,2;0,9;4,4;0,0;6,5;5,8;8,6;6,5;0,0;;;;;;;;;;;;
;1,000;21;19/07/2022;12:00;;;;;;3,481;0,952;0,051;2,751;0,049;0,248;0;0,476;0,370;1,399;1,019;0;10,795;8,008;21;3,71;1,44;0,09;5,00;0,10;0,50;0,00;1,05;0,39;1,33;1,42;0,00;15,03;26,10;;;;;;0,24;0,18;0,17;15,03;24,7;9,6;0,6;33,3;0,7;3,4;0,0;7,0;2,6;8,8;9,4;0,0;;;;;;;;;;;;
OLR 45 g VS/Ld;1,000;22;20/07/2022;12:00;10,87;30,19;10,64;48,25;0,05;3,54;1,275;0,081;2,388;0,069;0,277;0;0,571;0,370;1,399;1,019;0;10,988;8,201;22;3,78;1,93;0,15;4,34;0,14;0,56;0,00;1,26;0,39;1,33;1,42;0,00;15,29;26,54;;;;;;0,24;0,18;0,18;15,29;24,7;12,6;1,0;28,4;0,9;3,7;0,0;8,2;2,6;8,7;9,3;0,0;;;;;;;;;;;;
;1,000;23;21/07/2022;12:00;26,08;61,92;2,19;9,61;0,2;4,685;1,397;0,091;2,263;0,067;0,312;0;0,563;0,961;1,829;1,297;0;13,464;9,378;23;5,00;2,11;0,17;4,11;0,14;0,63;0,00;1,24;1,03;1,73;1,80;0,00;17,96;31,18;;;;;;0,30;0,21;0,20;17,96;27,8;11,7;0,9;22,9;0,8;3,5;0,0;6,9;5,7;9,7;10,0;0,0;;;;;;;;;;;;
;1,000;24;22/07/2022;12:00;25,87;63,92;0,07;9,7;0,44;5,648;1,416;0,068;1,792;0,037;0,346;0,048;0,528;1,125;2,619;1,407;0;15,033;9,883;24;6,03;2,14;0,12;3,26;0,08;0,70;0,11;1,16;1,20;2,48;1,96;0,00;19,23;33,38;42,48;25;76,92;0,59;26,25;0,33;0,22;0,21;19,23;31,3;11,1;0,6;16,9;0,4;3,7;0,5;6,0;6,2;12,9;10,2;0,0;;;;;;;;;;;;
;3,000;27;25/07/2022;12:00;26,25;66,62;;6,38;0,76;6,492;1,765;0,089;1,737;0,053;0,609;0,035;0,699;0,000;2,569;1,190;0;15,238;11,479;27;6,93;2,67;0,16;3,16;0,11;1,24;0,08;1,54;0,00;2,44;1,65;0,00;19,96;34,66;42,72;23,52;84,87;0,55;25,83;0,34;0,26;0,25;19,96;34,7;13,4;0,8;15,8;0,5;6,2;0,4;7,7;0,0;12,2;8,3;0,0;;;;;;;;;;;;
;1,000;28;26/07/2022;12:00;;;;;;6,445;1,749;0,136;1,915;0,054;0,566;0,029;0,662;0,000;2,343;1,508;0;15,407;11,556;28;6,88;2,64;0,25;3,48;0,11;1,15;0,06;1,46;0,00;2,22;2,10;0,00;20,34;35,32;;;;;;0,34;0,26;0,25;20,34;33,8;13,0;1,2;17,1;0,5;5,7;0,3;7,2;0,0;10,9;10,3;0,0;;;;;;;;;;;;
;1,000;29;27/07/2022;12:00;34,79;55,14;0,13;8,45;1,5;7,67;2,523;0,137;2,519;0,155;1,025;0,034;1,061;0,038;1,818;1,520;0;18,501;15,124;29;8,18;3,81;0,25;4,58;0,32;2,08;0,07;2,33;0,04;1,72;2,11;0,00;25,51;44,28;58,36;29,64;86,06;0,51;-1,32;0,41;0,34;0,33;25,51;32,1;14,9;1,0;18,0;1,2;8,2;0,3;9,2;0,2;6,8;8,3;0,0;;;;;;;;;;;;
;1,000;30;28/07/2022;12:00;32,9;58,9;;6,76;1,42;7,082;2,058;0,178;2,778;0,09;0,6354;0;0,741;0,473;2,726;2,023;0;18,785;13,562;30;7,56;3,11;0,32;5,05;0,18;1,29;0,00;1,63;0,51;2,58;2,81;0,00;25,04;43,48;;;;;;0,42;0,30;0,29;25,04;30,2;12,4;1,3;20,2;0,7;5,2;0,0;6,5;2,0;10,3;11,2;0,0;;;;;;;;;;;;
;1,000;31;29/07/2022;12:00;26,56;55,85;2,86;13,43;1,3;6,341;1,45;0,087;2,247;0,064;0,375;0;0,541;1,123;2,940;1,676;0;16,844;11,105;31;6,77;2,19;0,16;4,09;0,13;0,76;0,00;1,19;1,20;2,79;2,33;0,00;21,60;37,49;46,52;26;83,06;0,56;19,24;0,37;0,25;0,24;21,60;31,3;10,1;0,7;18,9;0,6;3,5;0,0;5,5;5,5;12,9;10,8;0,0;;;;;;;;;;;;
;3,000;34;01/08/2022;12:00;;;;;;7,71;1,393;0,03;1,315;0,011;0,192;0;0,273;4,022;3,106;0,672;1,559;20,283;10,924;34;8,23;2,10;0,05;2,39;0,02;0,39;0,00;0,60;4,29;2,94;0,93;3,25;25,21;43,76;55,12;27,84;90,54;0,51;4,31;0,45;0,24;0,24;25,21;32,6;8,3;0,2;9,5;0,1;1,5;0,0;2,4;17,0;11,7;3,7;12,9;;;;;;;;;;;;
;1,000;35;02/08/2022;12:00;17,46;54,83;5,14;21,66;0,91;7,466;1,591;0,07;1,243;0,014;0,172;0;0,208;3,664;2,552;0,725;1,753;19,457;10,764;35;7,97;2,40;0,13;2,26;0,03;0,35;0,00;0,46;3,91;2,42;1,01;3,65;24,58;42,67;;;;;;0,43;0,24;0,23;24,58;32,4;9,8;0,5;9,2;0,1;1,4;0,0;1,9;15,9;9,8;4,1;14,9;;;;;;;;;;;;
;1,000;36;03/08/2022;12:00;25,87;59,29;2,76;10,89;1,18;6,231;2,213;0,053;1,345;0,025;0,235;0;0,184;1,954;2,488;0,977;1,747;17,451;10,286;36;6,65;3,34;0,10;2,45;0,05;0,48;0,00;0,40;2,08;2,36;1,36;3,64;22,91;39,77;54,65;26,64;85,98;0,49;5,12;0,39;0,23;0,22;22,91;29,0;14,6;0,4;10,7;0,2;2,1;0,0;1,8;9,1;10,3;5,9;15,9;;;;;;;;;;;;
;1,000;37;04/08/2022;12:00;28,84;60,58;0,29;8,41;1,88;5,751;2,596;0,098;1,321;0,037;0,261;0;0,178;0,740;2,619;0,980;1,636;16,216;10,242;37;6,14;3,92;0,18;2,40;0,08;0,53;0,00;0,39;0,79;2,48;1,36;3,41;21,68;37,63;;;;;;0,36;0,23;0,22;21,68;28,3;18,1;0,8;11,1;0,3;2,4;0,0;1,8;3,6;11,5;6,3;15,7;;;;;;;;;;;;
;1,000;38;05/08/2022;12:00;25,9;64,31;6,93;2,85;2,85;6,98;3,122;0,136;1,663;0,055;0,369;0;0,249;0,583;3,621;1,084;1,280;19,142;12,574;38;7,45;4,71;0,25;3,02;0,11;0,75;0,00;0,55;0,62;3,43;1,51;2,67;25,07;43,53;54,35;25,76;97,33;0,47;5,64;0,43;0,28;0,27;25,07;29,7;18,8;1,0;12,1;0,4;3,0;0,0;2,2;2,5;13,7;6,0;10,6;;;;;;;;;;;;
;3,000;41;08/08/2022;12:00;15,41;73,06;;7,63;3,89;7,122;2,398;0,094;1,591;0,053;0,347;0;0,274;0,565071429;4,493057143;1,116;1,515857143;19,569;11,879;41;7,599174;3,62098;0,170892;2,892438;0,1077278;0,7053122;0;0,6028;0,60;4,26;1,55;3,16;25,27;43,88;43,1;25,6;98,72;0,59;25,17;0,43;0,26;0,26;25,27;30,1;14,3;0,7;11,4;0,4;2,8;0,0;2,4;2,4;16,9;6,1;12,5;;;;;;;;;;;;
OLR 60 g VS/Ld;1,000;42;09/08/2022;12:00;10,53;54,87;2,2;29,75;2,65;;;;;;;;;;;;;;;42;;;;;;;;;;;;;;;;;;;;;;;;;;;;;;;;;;;;;;;;;;;;;;;
;1,000;43;10/08/2022;12:00;6,62;59,01;2,66;29,41;2,31;5,868;1,319;0,089;1,024;0,022;0,182;0;0,186;0,546942857;5,365285714;1,1484;1,751657143;17,502;8,690;43;6,261156;1,99169;0,161802;1,861632;0,0447172;0,3699332;0;0,4092;0,58;5,09;1,60;3,65;22,02;38,22;;;;;;0,39;0,19;0,19;29,36;28,4;9,0;0,7;8,5;0,2;1,7;0,0;1,9;2,7;23,1;7,3;16,6;;;;;;;;;;;;
;1,000;44;11/08/2022;12:00;5,77;67,54;0;24,01;2,68;6,899;1,384;0,037;1,003;0,017;0,169;0,017;0,178;1,7046;6,673628571;1,273114286;1,586057143;20,941;9,704;44;7,361233;2,08984;0,067266;1,823454;0,0345542;0,3435094;0,0374;0,3916;1,82;6,33;1,77;3,31;25,37;44,04;44,05;24,72;102,63;0,56;23,52;0,47;0,22;0,21;33,83;29,0;8,2;0,3;7,2;0,1;1,4;0,1;1,5;7,2;24,9;7,0;13,0;;;;;;;;;;;;
;1,000;45;12/08/2022;12:00;4,76;80,46;0;12,78;2;7,193;1,505;0,032;1,089;0,019;0,175;0,018;0,183;2,080028571;7,2252;1,583228571;1,978714286;23,081;10,214;45;7,674931;2,27255;0,058176;1,979802;0,0386194;0,355705;0,0396;0,4026;2,22;6,85;2,20;4,12;28,22;48,99;;;;;;0,51;0,23;0,22;37,62;27,2;8,1;0,2;7,0;0,1;1,3;0,1;1,4;7,9;24,3;7,8;14,6;;;;;;;;;;;;
;4,000;49;16/08/2022;12:00;;;;;;5,447;1,969;0,042;1,22;0,026;0,22;0,017;0,246;0,117;4,664057143;1,810028571;2,146114286;17,924;9,187;49;5,811949;2,97319;0,076356;2,21796;0,0528476;0,447172;0,0374;0,5412;0,12;4,42;2,52;4,47;23,69;41,13;44,3;22,88;103,55;0,52;23,09;0,40;0,20;0,20;31,59;24,5;12,5;0,3;9,4;0,2;1,9;0,2;2,3;0,5;18,7;10,6;18,9;;;;;;;;;;;;
;1,000;50;17/08/2022;12:00;;64,24;3,27;31,41;1,08;;;;;;;;;;;;;;;50;;;;;;;;;;;;;;;;;;;;;;;;;;;;;;;;;;;;;;;;;;;;;;;
;1,000;51;18/08/2022;12:00;16,25;53,93;0;28,84;1,39;5,447;1,969;0,042;1,22;0,026;0,22;0,017;0,246;0,438171429;5,521628571;1,784314286;1,521;18,452;9,187;51;5,811949;2,97319;0,076356;2,21796;0,0528476;0,447172;0,0374;0,5412;0,47;5,23;2,48;3,17;23,51;40,82;46,25;22,96;102,40;0,50;19,70;0,41;0,20;0,20;31,35;24,7;12,6;0,3;9,4;0,2;1,9;0,2;2,3;2,0;22,3;10,5;13,5;;;;;;;;;;;;
;;;;;;;;;;;;;;;;;;;;;;;;;;;;;;;;;;;;;;;;;;;;;;;;;;;;;;;;;;;;;;;;;;;;;;;
;;;;;;;;;;;;;;;;;;;;;;;;;;;;;;;;;;;;;;;;;;;;;;;;;;;;;;;;;;;;;;;;;;;;;;;
STATIONARY STATE;;;;;;;;;;;;;;;;;;;;;;;;;;;;;;;;;;;;;;;;;;;;;;;;;;;;;;;;;;;;;;;;;;;;;;;
;;;;;;;;;;;;;;;;;;;;;;;;;;;;;;;;;;;;;;;;;;;;;;;;;;;;;;;;;;;;;;;;;;;;;;;
"Average and
standard deviation";;;;;headpsace;;;;;VFAs;;;;;;;;;;;;;;;VFAs-COD;;;;;;;;;;;;;;;;;;;;;;;Profile (%COD);;;;;;;;;;;;;;;;;;;;;;;
;;;;;CO2;H2;O2;N2;CH4;C2;C3;IC4;C4;IC5;C5;IC6;C6;Lactate;Succinate;Formate;EtOH;Total;;Days;C2 ;C3;IC4;C4;IC5;C5;IC6;C6;Lactate;Succinate;Formate;EtOH;COD-VFAs;COD-VFAs/CODin;tCOD (g/L);sCOD (g/L);VFAs-COD/sCOD;sCOD/tCOD;COD removal (%);g met/g Vsin;g VFAs/gVS;g VFAs/gTS;g COD-met/Ld;C2 ;C3;IC4;C4;IC5;C5;IC6;C6;Lactate;Succinate;Formate;EtOH;;;;;;;;;;;;
;;;;Stage I;28,55;43,20;3,62;21,84;0,04;4,90;1,73;0,08;2,45;0,08;0,25;0,02;0,24;0,42;1,80;0,83;0,25;13,04;;14,40;5,23;2,62;0,14;4,45;0,16;0,50;0,04;0,53;0,77;1,45;1,16;0,51;17,6;45,71;28,63;17,31;104,31;0,61;25,44;0,43;0,32;0,32;17,6;29,73;14,77;0,82;25,48;0,91;2,90;0,22;3,12;4,38;8,26;6,59;2,82;;;;;;;;;;;;
;;;;;4,3;5,9;2,3;9,7;0,0;0,7;0,4;0,0;0,5;0,0;0,1;0,0;0,2;0,4;0,4;0,2;0,5;0,9;;3,6;0,7;0,7;0,0;0,8;0,0;0,2;0,0;0,4;0,8;0,6;0,3;1,1;1,1;2,9;1,9;0,6;4,0;0,03;4,9;0,03;0,04;0,04;1,1;2,8;3,2;0,1;5,2;0,1;1,2;0,2;2,3;4,6;3,4;1,3;6,3;;;;;;;;;;;;
;;;;Stage II;27,47;58,41;3,02;10,35;1,58;6,90;2,12;0,10;1,80;0,06;0,41;0,00;0,43;1,57;2,73;1,21;1,00;18,33;;33,75;7,37;3,20;0,18;3,28;0,11;0,83;0,01;0,94;1,68;2,59;1,68;2,08;23,9;41,58;53,80;27,18;88,59;0,51;6,60;0,41;0,26;0,25;23,9;30,71;13,38;0,75;13,69;0,47;3,42;0,04;3,90;6,98;10,87;7,04;8,75;;;;;;;;;;;;
;;;;;5,6;3,4;2,7;6,0;0,6;0,7;0,6;0,0;0,6;0,0;0,3;0,0;0,3;1,5;0,5;0,5;0,8;1,4;;3,4;0,8;0,9;0,1;1,1;0,1;0,6;0,0;0,7;1,6;0,5;0,7;1,7;1,6;2,8;4,4;1,6;5,6;0,03;7,6;0,03;0,04;0,04;1,6;1,6;3,9;0,3;4,5;0,4;2,3;0,1;2,8;6,4;2,1;2,8;7,4;;;;;;;;;;;;
;;;;Stage III;8,35;61,18;1,19;25,29;1,89;6,17;1,63;0,05;1,11;0,02;0,19;0,01;0,21;0,98;5,89;1,52;1,80;19,58;;47,00;6,58;2,46;0,09;2,02;0,04;0,39;0,03;0,46;1,04;5,58;2,11;3,74;24,6;42,64;44,87;23,52;102,86;0,52;22,11;0,44;0,21;0,20;32,7;26,78;10,11;0,37;8,29;0,18;1,62;0,12;1,88;4,04;22,65;8,64;15,32;;;;;;;;;;;;
;;;;;5,3;6,0;1,6;7,5;0,7;0,8;0,3;0,0;0,1;0,0;0,0;0,0;0,0;0,9;1,0;0,3;0,3;2,4;;3,4;0,9;0,5;0,0;0,2;0,0;0,1;0,0;0,1;0,9;1,0;0,4;0,5;2,4;4,1;1,2;1,0;0,6;0,03;2,1;0,05;0,01;0,01;3,2;2,1;2,3;0,2;1,2;0,0;0,3;0,1;0,4;3,3;2,5;1,8;2,4;;;;;;;;;;;;
;;;;;;;;;;;;;;;;;;;;;;;;;;;;;;;;;;;;;;;;;;;;;;;;;;;;;;;;;;;;;;;;;;;;;;;
;;;;;;;;;;;;;;;;;;;;;;;;;;;;;;;;;;;;;COD-VFAs;COD-VFAs/CODin;tCOD (g/L);sCOD (g/L);VFAs-COD/sCOD;sCOD/tCOD;COD removal (%);;;;;;C2 ;C3;IC4;C4;IC5;C5;IC6;C6;Lactate;Succinate;Formate;EtOH;;;;;;;;;;;
;;;;;;;;;;;;;;;;;;;;;;;;;;;;;;;;;;;;Stage I;16,37;41,63;27,63;17,12;103,65;0,62;28,04;;;;;Stage I;31,71;20,89;0,79;20,06;0,79;2,01;0,42;1,90;2,17;7,82;4,80;6,65;;;;;;;;;;;
;;;;;;;;;;;;;;;;;;;;;;;;;;;;;;;;;;;;;2,11;5,50;2,12;0,56;3,79;0,03;5,53;;;;;;3,40;11,69;0,12;6,67;0,18;1,16;0,36;2,01;3,58;3,40;2,94;7,67;;;;;;;;;;;
;;;;;;;;;;;;;;;;;;;;;;;;;;;;;;;;;;;;Stage II;23,03;39,99;49,66;26,25;87,94;0,53;13,78;;;;;Stage II;31,30;13,24;0,78;14,24;0,47;3,80;0,13;4,54;5,38;11,65;7,60;6,88;;;;;;;;;;;
;;;;;;;;;;;;;;;;;;;;;;;;;;;;;;;;;;;;;2,36;4,11;6,60;1,85;7,30;0,05;11,46;;;;;;1,93;3,18;0,31;3,96;0,31;2,08;0,20;2,74;5,86;2,45;2,61;7,32;;;;;;;;;;;
;;;;;;;;;;;;;;;;;;;;;;;;;;;;;;;;;;;;Stage III;24,56;42,64;44,87;23,52;102,86;0,52;22,11;;;;;Stage III;26,78;10,11;0,37;8,29;0,18;1,62;0,12;1,88;4,04;22,65;8,64;15,32;;;;;;;;;;;
;;;;;;;;;;;;;;;;;;;;;;;;;;;;;;;;;;;;;2,36;4,10;1,20;1,04;0,61;0,03;2,09;;;;;;2,08;2,30;0,21;1,15;0,04;0,30;0,07;0,41;3,28;2,46;1,80;2,42;;;;;;;;;;;
;;;;;;;Stage I;Stage II;Stage III;;;;;;;;;;;;;;;;;;;;;;;;;;;;;;;;;;;;;;;;;;;;;;;;;;;;;;;;;;;;;;
;;;;;;CO2 (%v/v);37,6;31,4;11,1;;;;;;;;;;;;;;;;;;;;;;;;;;;;;;;;;;;;;;;;;;;;;;;;;;;;;;;;;;;;;;
;;;;;;H2 (%v/v);62,4;66,8;86,4;;;;;;;;;;;;;;;;;;;;;;;;;;;;;;;;;;;;;;;;;;;;;;;;;;;;;;;;;;;;;;
;;;;;;CH4 (%v/v);4,8;3,5;1,6;;;;;;;;;;;;;;;;;;;;;;;;;;;;;;;;;;;;;;;;;;;;;;;;;;;;;;;;;;;;;;
;;;;;;tCOD (g/L);28,6;53,8;44,9;;;;;;;;;;;;;;;;;;;;;;;;;;;;;;;;;;;;;;;;;;;;;;;;;;;;;;;;;;;;;;
;;;;;;sCOD (g/L);17,3;27,2;23,5;;;;;;;;;;;;;;;;;;;;;;;;;;;;;;;;;;;;;;;;;;;;;;;;;;;;;;;;;;;;;;
;;;;;;sCOD/tCOD;0,6;0,5;0,5;;;;;;;;;;;;;;;;;;;;;;;;;;;;;;;;;;;;;;;;;;;;;;;;;;;;;;;;;;;;;;
;;;;;;COD-VFAs/CODin;45,7;41,6;42,6;;;;;;;;;;;;;;;;;;;;;;;;;;;;;;;;;;;;;;;;;;;;;;;;;;;;;;;;;;;;;;
;;;;;;C2 ;29,7;30,7;26,8;;;;;;;;;;;;;;;;;;;;;;;;;;;;;;;;;;;;;;;;;;;;;;;;;;;;;;;;;;;;;;
;;;;;;C3;14,8;13,4;10,1;;;;;;;;;;;;;;;;;;;;;;;;;;;;;;;;;;;;;;;;;;;;;;;;;;;;;;;;;;;;;;
;;;;;;IC4;0,8;0,7;0,4;;;;;;;;;;;;;;;;;;;;;;;;;;;;;;;;;;;;;;;;;;;;;;;;;;;;;;;;;;;;;;
;;;;;;C4;25,5;13,7;8,3;;;;;;;;;;;;;;;;;;;;;;;;;;;;;;;;;;;;;;;;;;;;;;;;;;;;;;;;;;;;;;
;;;;;;IC5;0,9;0,5;0,2;;;;;;;;;;;;;;;;;;;;;;;;;;;;;;;;;;;;;;;;;;;;;;;;;;;;;;;;;;;;;;
;;;;;;C5;2,9;3,4;1,6;;;;;;;;;;;;;;;;;;;;;;;;;;;;;;;;;;;;;;;;;;;;;;;;;;;;;;;;;;;;;;
;;;;;;IC6;0,2;0,0;0,1;;;;;;;;;;;;;;;;;;;;;;;;;;;;;;;;;;;;;;;;;;;;;;;;;;;;;;;;;;;;;;
;;;;;;C6;3,1;3,9;1,9;;;;;;;;;;;;;;;;;;;;;;;;;;;;;;;;;;;;;;;;;;;;;;;;;;;;;;;;;;;;;;
;;;;;;Lactate;4,4;7,0;4,0;;;;;;;;;;;;;;;;;;;;;;;;;;;;;;;;;;;;;;;;;;;;;;;;;;;;;;;;;;;;;;
;;;;;;Succinate;8,3;10,9;22,6;;;;;;;;;;;;;;;;;;;;;;;;;;;;;;;;;;;;;;;;;;;;;;;;;;;;;;;;;;;;;;
;;;;;;Formate;6,6;7,0;8,6;;;;;;;;;;;;;;;;;;;;;;;;;;;;;;;;;;;;;;;;;;;;;;;;;;;;;;;;;;;;;;
;;;;;;EtOH;2,8;8,8;15,3;;;;;;;;;;;;;;;;;;;;;;;;;;;;;;;;;;;;;;;;;;;;;;;;;;;;;;;;;;;;;;
;;;;;;;;;;;;;;;;;;;;;;;;;;;;;;;;;;;;;;;;;;;;;;;;;;;;;;;;;;;;;;;;;;;;;;;
;;;;;;;100,0;100,0;100,0;;;;;;;;;;;;;;;;;;;;;;;;;;;;;;;;;;;;;;;;;;;;;;;;;;;;;;;;;;;;;;
