;;;;;;;R1;;R2;;
;;;;;;;Bulk;Electrode;Bulk;Electrode;
OTU;Domain;Phylum;Class;Order;Family;Genus;BMIXP1_B3_20221213;EMIXP1_B3_20221213;BMIXP2_B3_20221213;EMIXP2_B3_20221213;
Otu001;Bacteria;Proteobacteria;Deltaproteobacteria;Desulfuromonadales;Geobacteraceae;Geobacter;3,3%;61,9%;6,8%;69,6%;
Otu002;Bacteria;Bacteroidetes;Bacteroidia;Bacteroidales;Porphyromonadaceae;Macellibacteroides;11,4%;8,2%;14,9%;3,7%;
Otu004;Bacteria;Firmicutes;Clostridia;Clostridiales;Ruminococcaceae;Oscillibacter;4,8%;6,9%;5,2%;5,9%;
Otu014;Bacteria;Firmicutes;Clostridia;Clostridiales;Ruminococcaceae;Ruminococcaceae_unclassified;5,7%;2,6%;1,6%;0,6%;
Otu010;Bacteria;Bacteroidetes;Bacteroidia;Bacteroidales;Bacteroidaceae;Bacteroides;6,3%;2,0%;2,4%;0,2%;
Otu003;Bacteria;Bacteroidetes;Bacteroidia;Bacteroidales;Bacteroidaceae;Bacteroides;18,6%;1,8%;7,8%;0,6%;
Otu008;Bacteria;Firmicutes;Clostridia;Clostridiales;Lachnospiraceae;Lachnospiraceae_UCG-010;0,6%;1,7%;2,5%;2,9%;
Otu006;Bacteria;Bacteroidetes;Sphingobacteriia;Sphingobacteriales;Lentimicrobiaceae;Lentimicrobium;0,0%;1,4%;0,2%;3,2%;
Otu028;Bacteria;Firmicutes;Clostridia;Clostridiales;Clostridiaceae_1;Clostridium_sensu_stricto_3;0,5%;1,1%;0,8%;0,3%;
Otu012;Bacteria;Firmicutes;Clostridia;Clostridiales;Clostridiaceae_1;Clostridiaceae_1_unclassified;8,6%;1,0%;4,2%;0,2%;
Otu011;Bacteria;Firmicutes;Clostridia;Clostridiales;Lachnospiraceae;Tyzzerella;6,3%;0,9%;2,5%;0,3%;
Otu018;Bacteria;Proteobacteria;Deltaproteobacteria;Desulfovibrionales;Desulfovibrionaceae;Desulfovibrio;1,5%;0,9%;1,8%;0,5%;
Otu013;Bacteria;Firmicutes;Clostridia;Clostridiales;Family_XI;Sedimentibacter;5,1%;0,9%;6,6%;1,3%;
Otu009;Bacteria;Proteobacteria;Gammaproteobacteria;Enterobacteriales;Enterobacteriaceae;Enterobacteriaceae_unclassified;5,1%;0,7%;2,0%;0,3%;
Otu005;Bacteria;Bacteroidetes;Bacteroidia;Bacteroidales;Porphyromonadaceae;Petrimonas;1,4%;0,6%;5,2%;1,0%;
Otu024;Bacteria;Bacteroidetes;Bacteroidia;Bacteroidales;Bacteroidaceae;Bacteroides;1,1%;0,6%;0,3%;0,2%;
Otu026;Bacteria;Firmicutes;Clostridia;Clostridiales;Lachnospiraceae;Lachnoclostridium_5;0,9%;0,6%;1,7%;0,6%;
Otu039;Bacteria;Proteobacteria;Deltaproteobacteria;Desulfovibrionales;Desulfovibrionaceae;Desulfovibrio;0,0%;0,6%;0,0%;0,3%;
Otu007;Bacteria;Bacteroidetes;Bacteroidia;Bacteroidales;Porphyromonadaceae;Petrimonas;4,1%;0,5%;7,3%;0,9%;
Otu019;Bacteria;Bacteroidetes;Bacteroidia;Bacteroidales;Porphyromonadaceae;Porphyromonadaceae_unclassified;0,2%;0,4%;1,0%;0,5%;
Otu052;Bacteria;Firmicutes;Clostridia;Clostridiales;Ruminococcaceae;Oscillibacter;0,1%;0,3%;0,1%;0,3%;
Otu054;Bacteria;Proteobacteria;Deltaproteobacteria;Desulfuromonadales;Geobacteraceae;Geobacter;0,0%;0,3%;0,1%;0,0%;
Otu040;Bacteria;Firmicutes;Clostridia;Clostridiales;Ruminococcaceae;Ruminococcaceae_unclassified;0,7%;0,3%;0,3%;0,1%;
Otu067;Bacteria;Proteobacteria;Gammaproteobacteria;Gammaproteobacteria_unclassified;Gammaproteobacteria_unclassified;Gammaproteobacteria_unclassified;0,0%;0,2%;0,0%;0,1%;
Otu022;Bacteria;Firmicutes;Clostridia;Clostridiales;Ruminococcaceae;Oscillibacter;0,4%;0,2%;7,5%;2,8%;
Otu036;Bacteria;Proteobacteria;Deltaproteobacteria;Desulfovibrionales;Desulfovibrionaceae;Desulfovibrio;0,2%;0,2%;0,3%;0,1%;
Otu033;Bacteria;Proteobacteria;Betaproteobacteria;Burkholderiales;Comamonadaceae;Diaphorobacter;0,4%;0,2%;0,2%;0,1%;
Otu031;Bacteria;Firmicutes;Clostridia;Clostridiales;Ruminococcaceae;Ruminococcaceae_NK4A214_group;1,8%;0,2%;0,3%;0,0%;
Otu041;Bacteria;Firmicutes;Clostridia;Clostridiales;Ruminococcaceae;Ruminococcaceae_unclassified;0,3%;0,2%;0,2%;0,2%;
Otu021;Bacteria;Bacteroidetes;Bacteroidia;Bacteroidales;Bacteroidaceae;Bacteroides;1,0%;0,1%;0,6%;0,1%;
Otu097;Bacteria;Proteobacteria;Deltaproteobacteria;Desulfuromonadales;Geobacteraceae;Geobacter;0,0%;0,1%;0,0%;0,0%;
Otu015;Bacteria;Proteobacteria;Betaproteobacteria;Rhodocyclales;Rhodocyclaceae;Azospira;0,1%;0,1%;0,2%;0,1%;
Otu043;Bacteria;Firmicutes;Clostridia;Clostridiales;Peptostreptococcaceae;Paraclostridium;0,2%;0,1%;0,2%;0,1%;
Otu044;Bacteria;Firmicutes;Clostridia;Clostridiales;Ruminococcaceae;Ruminococcaceae_unclassified;0,4%;0,1%;0,2%;0,0%;
Otu025;Bacteria;Bacteroidetes;Bacteroidia;Bacteroidales;Porphyromonadaceae;Dysgonomonas;1,3%;0,1%;0,5%;0,0%;
Otu029;Bacteria;Firmicutes;Clostridia;Clostridiales;Family_XIII;uncultured;0,5%;0,1%;0,9%;0,1%;
Otu068;Bacteria;Firmicutes;Clostridia;Clostridiales;Christensenellaceae;Christensenellaceae_R-7_group;0,0%;0,1%;0,0%;0,1%;
Otu038;Bacteria;Firmicutes;Clostridia;Clostridiales;Gracilibacteraceae;Lutispora;0,0%;0,1%;0,1%;0,1%;
Otu016;Bacteria;Bacteroidetes;Bacteroidia;Bacteroidales;Rikenellaceae;vadinBC27_wastewater-sludge_group;0,1%;0,1%;0,2%;0,1%;
Otu069;Bacteria;Firmicutes;Clostridia;Clostridiales;Ruminococcaceae;Ruminococcaceae_unclassified;0,0%;0,1%;0,0%;0,0%;
Otu020;Bacteria;Bacteroidetes;Bacteroidia;Bacteroidales;Rikenellaceae;vadinBC27_wastewater-sludge_group;0,0%;0,1%;0,1%;0,1%;
Otu027;Bacteria;Bacteroidetes;Bacteroidia;Bacteroidales;Porphyromonadaceae;Dysgonomonas;2,2%;0,1%;0,1%;0,0%;
Otu072;Bacteria;Firmicutes;Clostridia;Clostridiales;Clostridiaceae_1;Clostridiaceae_1_unclassified;0,1%;0,1%;0,2%;0,0%;
Otu149;Bacteria;Proteobacteria;Deltaproteobacteria;Desulfuromonadales;Geobacteraceae;Geobacter;0,0%;0,1%;0,0%;0,0%;
Otu173;Bacteria;Bacteroidetes;Bacteroidia;Bacteroidales;Porphyromonadaceae;Macellibacteroides;0,0%;0,1%;0,0%;0,0%;
Otu023;Bacteria;Firmicutes;Clostridia;Clostridiales;Eubacteriaceae;Eubacterium;0,3%;0,0%;0,2%;0,0%;
Otu047;Bacteria;Firmicutes;Clostridia;Clostridiales;Ruminococcaceae;Ruminococcaceae_unclassified;0,1%;0,0%;0,1%;0,0%;
Otu070;Bacteria;Firmicutes;Clostridia;Clostridiales;Family_XI;Sedimentibacter;0,0%;0,0%;0,0%;0,0%;
Otu099;Bacteria;Firmicutes;Clostridia;Clostridiales;Family_XI;Sedimentibacter;0,0%;0,0%;0,0%;0,0%;
Otu122;Bacteria;Firmicutes;Clostridia;Clostridiales;Christensenellaceae;Christensenellaceae_R-7_group;0,0%;0,0%;0,0%;0,1%;
Otu128;Bacteria;Firmicutes;Clostridia;Clostridiales;Clostridiaceae_1;Clostridium_sensu_stricto_12;0,0%;0,0%;0,0%;0,0%;
Otu045;Bacteria;Firmicutes;Clostridia;Clostridiales;Ruminococcaceae;Ruminococcaceae_unclassified;0,3%;0,0%;0,0%;0,0%;
Otu073;Bacteria;Firmicutes;Clostridia;Clostridiales;Christensenellaceae;Christensenellaceae_R-7_group;0,1%;0,0%;0,0%;0,0%;
Otu080;Bacteria;Firmicutes;Clostridia;Clostridiales;Clostridiales_Incertae_Sedis;Proteiniborus;0,0%;0,0%;0,0%;0,0%;
Otu108;Bacteria;Proteobacteria;Gammaproteobacteria;Enterobacteriales;Enterobacteriaceae;Enterobacteriaceae_unclassified;0,0%;0,0%;0,0%;0,0%;
Otu050;Bacteria;Proteobacteria;Betaproteobacteria;Burkholderiales;Alcaligenaceae;Alcaligenes;0,0%;0,0%;0,5%;0,0%;
Otu086;Bacteria;Firmicutes;Clostridia;Clostridiales;Ruminococcaceae;Ruminococcaceae_NK4A214_group;0,0%;0,0%;0,0%;0,0%;
Otu171;Bacteria;Firmicutes;Clostridia;Clostridiales;Ruminococcaceae;Ruminococcaceae_unclassified;0,0%;0,0%;0,0%;0,0%;
Otu210;Bacteria;Bacteria_unclassified;Bacteria_unclassified;Bacteria_unclassified;Bacteria_unclassified;Bacteria_unclassified;0,0%;0,0%;0,0%;0,0%;
Otu066;Bacteria;Firmicutes;Clostridia;Clostridiales;Ruminococcaceae;Caproiciproducens;0,1%;0,0%;0,0%;0,0%;
Otu017;Bacteria;Proteobacteria;Deltaproteobacteria;Desulfovibrionales;Desulfovibrionaceae;Desulfovibrio;0,7%;0,0%;0,9%;0,0%;
Otu063;Bacteria;Actinobacteria;Actinobacteria;Actinomycetales;Actinomycetaceae;Actinomyces;0,0%;0,0%;0,1%;0,0%;
Otu159;Bacteria;Proteobacteria;Deltaproteobacteria;Desulfuromonadales;Desulfuromonadales_unclassified;Desulfuromonadales_unclassified;0,0%;0,0%;0,0%;0,0%;
Otu217;Bacteria;Firmicutes;Clostridia;Clostridiales;Ruminococcaceae;Ruminococcaceae_unclassified;0,0%;0,0%;0,0%;0,0%;
Otu057;Bacteria;Firmicutes;Clostridia;Clostridiales;Ruminococcaceae;Ruminococcaceae_unclassified;0,1%;0,0%;0,5%;0,0%;
Otu042;Bacteria;Proteobacteria;Betaproteobacteria;Burkholderiales;Burkholderiaceae;Ralstonia;0,1%;0,0%;0,0%;0,0%;
Otu053;Bacteria;Firmicutes;Clostridia;Clostridiales;Ruminococcaceae;Oscillibacter;0,2%;0,0%;0,3%;0,0%;
Otu058;Bacteria;Firmicutes;Clostridia;Clostridiales;Ruminococcaceae;Caproiciproducens;0,0%;0,0%;0,3%;0,0%;
Otu087;Bacteria;Firmicutes;Clostridia;Clostridiales;Lachnospiraceae;Tyzzerella;0,1%;0,0%;0,1%;0,0%;
Otu091;Bacteria;Proteobacteria;Proteobacteria_unclassified;Proteobacteria_unclassified;Proteobacteria_unclassified;Proteobacteria_unclassified;0,0%;0,0%;0,0%;0,0%;
Otu143;Bacteria;Firmicutes;Clostridia;Clostridiales;Christensenellaceae;Christensenellaceae_unclassified;0,0%;0,0%;0,0%;0,0%;
Otu192;Bacteria;Firmicutes;Clostridia;Clostridiales;Ruminococcaceae;Intestinimonas;0,0%;0,0%;0,0%;0,0%;
Otu231;Bacteria;Proteobacteria;Deltaproteobacteria;Desulfuromonadales;Desulfuromonadales_unclassified;Desulfuromonadales_unclassified;0,0%;0,0%;0,0%;0,0%;
Otu241;Bacteria;Firmicutes;Clostridia;Clostridiales;Ruminococcaceae;uncultured;0,0%;0,0%;0,0%;0,0%;
Otu081;Bacteria;Firmicutes;Clostridia;Clostridiales;Lachnospiraceae;Lachnoclostridium;0,1%;0,0%;0,0%;0,0%;
Otu083;Bacteria;Firmicutes;Clostridia;Clostridiales;Ruminococcaceae;Ruminococcaceae_unclassified;0,0%;0,0%;0,0%;0,0%;
Otu105;Bacteria;Firmicutes;Clostridia;Clostridiales;Ruminococcaceae;Ruminococcaceae_unclassified;0,0%;0,0%;0,1%;0,0%;
Otu111;Bacteria;Firmicutes;Clostridia;Clostridiales;Family_XI;Sedimentibacter;0,1%;0,0%;0,1%;0,0%;
Otu112;Bacteria;Firmicutes;Clostridia;Clostridiales;Christensenellaceae;uncultured;0,0%;0,0%;0,0%;0,0%;
Otu167;Bacteria;Firmicutes;Clostridia;Clostridiales;Christensenellaceae;uncultured;0,0%;0,0%;0,0%;0,0%;
Otu239;Bacteria;Proteobacteria;Deltaproteobacteria;Desulfuromonadales;Desulfuromonadales_unclassified;Desulfuromonadales_unclassified;0,0%;0,0%;0,0%;0,0%;
Otu244;Bacteria;Bacteroidetes;Bacteroidia;Bacteroidales;Bacteroidaceae;Bacteroides;0,0%;0,0%;0,0%;0,0%;
Otu056;Bacteria;Firmicutes;Clostridia;Clostridiales;Ruminococcaceae;Anaerotruncus;0,0%;0,0%;0,2%;0,1%;
Otu071;Bacteria;Firmicutes;Clostridia;Clostridiales;Family_XI;Sedimentibacter;0,0%;0,0%;0,0%;0,0%;
Otu077;Bacteria;Bacteroidetes;Bacteroidia;Bacteroidales;Bacteroidaceae;Bacteroides;0,1%;0,0%;0,1%;0,0%;
Otu082;Bacteria;Firmicutes;Clostridia;Clostridiales;Lachnospiraceae;Lachnospiraceae_unclassified;0,0%;0,0%;0,0%;0,0%;
Otu093;Bacteria;Firmicutes;Clostridia;Clostridiales;Clostridiaceae_1;Clostridium_sensu_stricto_10;0,0%;0,0%;0,0%;0,0%;
Otu098;Bacteria;Firmicutes;Clostridia;Clostridiales;Family_XI;Sedimentibacter;0,0%;0,0%;0,0%;0,0%;
Otu109;Bacteria;Firmicutes;Bacilli;Lactobacillales;Enterococcaceae;Enterococcus;0,1%;0,0%;0,0%;0,0%;
Otu132;Bacteria;Firmicutes;Clostridia;Clostridiales;Clostridiales_unclassified;Clostridiales_unclassified;0,0%;0,0%;0,0%;0,0%;
Otu197;Bacteria;Bacteroidetes;Bacteroidia;Bacteroidales;Bacteroidaceae;Bacteroides;0,0%;0,0%;0,0%;0,0%;
Otu232;Bacteria;Proteobacteria;Betaproteobacteria;Betaproteobacteria_unclassified;Betaproteobacteria_unclassified;Betaproteobacteria_unclassified;0,0%;0,0%;0,0%;0,0%;
Otu293;Bacteria;Firmicutes;Clostridia;Clostridiales;Ruminococcaceae;Ruminococcaceae_unclassified;0,0%;0,0%;0,0%;0,0%;
Otu297;Bacteria;Firmicutes;Clostridia;Clostridiales;Christensenellaceae;Christensenellaceae_R-7_group;0,0%;0,0%;0,0%;0,0%;
Otu328;Bacteria;Proteobacteria;Deltaproteobacteria;Desulfuromonadales;Desulfuromonadales_unclassified;Desulfuromonadales_unclassified;0,0%;0,0%;0,0%;0,0%;
Otu032;Bacteria;Actinobacteria;Actinobacteria;Corynebacteriales;Corynebacteriaceae;Corynebacterium_1;0,1%;0,0%;1,3%;0,3%;
Otu076;Bacteria;Proteobacteria;Deltaproteobacteria;Desulfuromonadales;Desulfuromonadales_unclassified;Desulfuromonadales_unclassified;0,0%;0,0%;0,0%;0,0%;
Otu100;Bacteria;Bacteroidetes;Bacteroidia;Bacteroidales;Porphyromonadaceae;Dysgonomonas;0,1%;0,0%;0,1%;0,0%;
Otu120;Bacteria;Bacteroidetes;Bacteroidia;Bacteroidales;Porphyromonadaceae;Macellibacteroides;0,0%;0,0%;0,0%;0,0%;
Otu123;Bacteria;Firmicutes;Clostridia;Clostridiales;Lachnospiraceae;Lachnoclostridium;0,0%;0,0%;0,0%;0,0%;
Otu127;Bacteria;Firmicutes;Clostridia;Clostridiales;Christensenellaceae;Christensenellaceae_unclassified;0,0%;0,0%;0,0%;0,0%;
Otu035;Bacteria;Proteobacteria;Alphaproteobacteria;Rhodobacterales;Rhodobacteraceae;Rhodobacteraceae_unclassified;0,2%;0,0%;2,2%;0,1%;
Otu046;Bacteria;Firmicutes;Clostridia;Clostridiales;Lachnospiraceae;Lachnoclostridium;0,1%;0,0%;0,1%;0,0%;
Otu048;Bacteria;Firmicutes;Clostridia;Clostridiales;Ruminococcaceae;Ruminococcaceae_unclassified;0,0%;0,0%;0,9%;0,3%;
Otu060;Bacteria;Firmicutes;Clostridia;Clostridiales;Lachnospiraceae;Eisenbergiella;0,0%;0,0%;0,0%;0,0%;
Otu061;Bacteria;Proteobacteria;Gammaproteobacteria;Xanthomonadales;Xanthomonadaceae;Stenotrophomonas;0,0%;0,0%;0,1%;0,0%;
Otu062;Bacteria;Actinobacteria;Coriobacteriia;Coriobacteriales;Coriobacteriaceae;Eggerthella;0,1%;0,0%;0,0%;0,0%;
Otu065;Bacteria;Proteobacteria;Gammaproteobacteria;Xanthomonadales;Xanthomonadaceae;Stenotrophomonas;0,5%;0,0%;0,1%;0,0%;
Otu075;Bacteria;Actinobacteria;Coriobacteriia;Coriobacteriales;Coriobacteriaceae;uncultured;0,0%;0,0%;0,0%;0,0%;
Otu079;Bacteria;Firmicutes;Clostridia;Clostridiales;Christensenellaceae;Christensenellaceae_R-7_group;0,0%;0,0%;0,0%;0,0%;
Otu084;Bacteria;Firmicutes;Clostridia;Clostridiales;Lachnospiraceae;Mobilitalea;0,0%;0,0%;0,0%;0,0%;
Otu106;Bacteria;Bacteroidetes;Bacteroidia;Bacteroidales;Rikenellaceae;vadinBC27_wastewater-sludge_group;0,0%;0,0%;0,0%;0,0%;
Otu114;Bacteria;Firmicutes;Clostridia;Clostridiales;Clostridiaceae_1;Clostridium_sensu_stricto_2;0,0%;0,0%;0,1%;0,0%;
Otu119;Bacteria;Firmicutes;Clostridia;Clostridiales;Lachnospiraceae;Lachnospiraceae_UCG-010;0,0%;0,0%;0,0%;0,0%;
Otu126;Bacteria;Firmicutes;Clostridia;Clostridiales;Ruminococcaceae;Ruminococcaceae_NK4A214_group;0,0%;0,0%;0,1%;0,0%;
Otu131;Bacteria;Firmicutes;Clostridia;Clostridiales;Ruminococcaceae;Hydrogenoanaerobacterium;0,0%;0,0%;0,0%;0,0%;
Otu135;Bacteria;Firmicutes;Clostridia;Clostridiales;Lachnospiraceae;Lachnospiraceae_UCG-010;0,0%;0,0%;0,0%;0,0%;
Otu139;Bacteria;Firmicutes;Clostridia;Clostridiales;Ruminococcaceae;Ruminiclostridium_1;0,0%;0,0%;0,0%;0,0%;
Otu144;Bacteria;Firmicutes;Clostridia;Clostridiales;Ruminococcaceae;Oscillibacter;0,0%;0,0%;0,0%;0,0%;
Otu148;Bacteria;Bacteroidetes;Bacteroidia;Bacteroidales;Porphyromonadaceae;Porphyromonadaceae_unclassified;0,0%;0,0%;0,0%;0,0%;
Otu157;Bacteria;Bacteroidetes;Bacteroidia;Bacteroidales;Porphyromonadaceae;Macellibacteroides;0,0%;0,0%;0,0%;0,0%;
Otu162;Bacteria;Firmicutes;Clostridia;Thermoanaerobacterales;SRB2;SRB2_ge;0,0%;0,0%;0,0%;0,0%;
Otu168;Bacteria;Actinobacteria;Actinobacteria;Corynebacteriales;Nocardiaceae;Gordonia;0,0%;0,0%;0,0%;0,0%;
Otu169;Bacteria;Actinobacteria;Actinobacteria;Actinomycetales;Actinomycetaceae;Actinomycetaceae_unclassified;0,0%;0,0%;0,0%;0,0%;
Otu174;Bacteria;Firmicutes;Clostridia;Clostridiales;Clostridiaceae_1;Clostridium_sensu_stricto_12;0,0%;0,0%;0,0%;0,0%;
Otu184;Bacteria;Firmicutes;Clostridia;Clostridiales;Ruminococcaceae;Caproiciproducens;0,0%;0,0%;0,0%;0,0%;
Otu185;Bacteria;Firmicutes;Clostridia;Clostridiales;Ruminococcaceae;Ruminococcaceae_unclassified;0,0%;0,0%;0,0%;0,0%;
Otu188;Bacteria;Firmicutes;Clostridia;Clostridiales;Ruminococcaceae;Anaerotruncus;0,0%;0,0%;0,0%;0,0%;
Otu211;Bacteria;Bacteroidetes;Bacteroidetes_vadinHA17;Bacteroidetes_vadinHA17_or;Bacteroidetes_vadinHA17_fa;Bacteroidetes_vadinHA17_ge;0,0%;0,0%;0,0%;0,0%;
Otu222;Bacteria;Bacteroidetes;Bacteroidia;Bacteroidales;Bacteroidaceae;Bacteroides;0,0%;0,0%;0,0%;0,0%;
Otu259;Bacteria;Firmicutes;Clostridia;Clostridiales;Lachnospiraceae;Lachnospiraceae_UCG-010;0,0%;0,0%;0,0%;0,0%;
Otu274;Bacteria;Bacteroidetes;Bacteroidia;Bacteroidales;Bacteroidaceae;Bacteroides;0,0%;0,0%;0,0%;0,0%;
Otu281;Bacteria;Proteobacteria;Deltaproteobacteria;Desulfuromonadales;Desulfuromonadales_unclassified;Desulfuromonadales_unclassified;0,0%;0,0%;0,0%;0,0%;
Otu285;Bacteria;Firmicutes;Clostridia;Clostridiales;Lachnospiraceae;Lachnospiraceae_UCG-010;0,0%;0,0%;0,0%;0,0%;
Otu299;Bacteria;Firmicutes;Clostridia;Clostridiales;Clostridiales_unclassified;Clostridiales_unclassified;0,0%;0,0%;0,0%;0,0%;
Otu300;Bacteria;Firmicutes;Clostridia;Clostridiales;Ruminococcaceae;uncultured;0,0%;0,0%;0,0%;0,0%;
Otu322;Bacteria;Firmicutes;Clostridia;Clostridiales;Clostridiaceae_1;Clostridium_sensu_stricto_1;0,0%;0,0%;0,0%;0,0%;
Otu030;Bacteria;Proteobacteria;Gammaproteobacteria;Pseudomonadales;Moraxellaceae;Acinetobacter;0,1%;0,0%;2,7%;0,2%;
Otu034;Bacteria;Proteobacteria;Gammaproteobacteria;Pseudomonadales;Pseudomonadaceae;Pseudomonas;0,0%;0,0%;0,0%;0,0%;
Otu037;Bacteria;Proteobacteria;Gammaproteobacteria;Pseudomonadales;Pseudomonadaceae;Pseudomonas;0,0%;0,0%;0,0%;0,0%;
Otu049;Bacteria;Proteobacteria;Deltaproteobacteria;Desulfuromonadales;Desulfuromonadales_unclassified;Desulfuromonadales_unclassified;0,0%;0,0%;0,0%;0,3%;
Otu051;Bacteria;Firmicutes;Clostridia;Clostridiales;Ruminococcaceae;Ruminiclostridium_9;0,0%;0,0%;0,5%;0,2%;
Otu055;Bacteria;Bacteroidetes;Bacteroidia;Bacteroidales;Bacteroidales_unclassified;Bacteroidales_unclassified;0,0%;0,0%;0,0%;0,0%;
Otu059;Bacteria;Ignavibacteriae;Ignavibacteria;Ignavibacteriales;IheB3-7;IheB3-7_ge;0,0%;0,0%;0,0%;0,0%;
Otu064;Bacteria;Proteobacteria;Proteobacteria_unclassified;Proteobacteria_unclassified;Proteobacteria_unclassified;Proteobacteria_unclassified;0,0%;0,0%;0,0%;0,0%;
Otu074;Bacteria;Firmicutes;Clostridia;Clostridiales;Ruminococcaceae;Ruminiclostridium_5;0,0%;0,0%;0,0%;0,0%;
Otu078;Bacteria;Proteobacteria;Deltaproteobacteria;Desulfuromonadales;Desulfuromonadales_unclassified;Desulfuromonadales_unclassified;0,0%;0,0%;0,0%;0,1%;
Otu085;Bacteria;Firmicutes;Clostridia;Clostridiales;Ruminococcaceae;Ruminococcaceae_UCG-009;0,0%;0,0%;0,0%;0,1%;
Otu088;Bacteria;Proteobacteria;Deltaproteobacteria;Desulfuromonadales;Geobacteraceae;Geobacter;0,0%;0,0%;0,0%;0,0%;
Otu089;Bacteria;Bacteroidetes;Bacteroidia;Bacteroidales;Porphyromonadaceae;Macellibacteroides;0,0%;0,0%;0,1%;0,0%;
Otu090;Bacteria;Firmicutes;Clostridia;Clostridiales;Peptococcaceae;uncultured;0,0%;0,0%;0,1%;0,0%;
Otu094;Bacteria;Firmicutes;Clostridia;Clostridiales;Ruminococcaceae;Anaerofilum;0,1%;0,0%;0,0%;0,0%;
Otu095;Bacteria;Firmicutes;Clostridia;Clostridiales;Lachnospiraceae;Robinsoniella;0,0%;0,0%;0,0%;0,0%;
Otu101;Bacteria;Bacteroidetes;Bacteroidia;Bacteroidales;Bacteroidaceae;Bacteroides;0,1%;0,0%;0,0%;0,0%;
Otu102;Bacteria;Firmicutes;Clostridia;Clostridiales;Ruminococcaceae;Ruminococcaceae_unclassified;0,0%;0,0%;0,0%;0,1%;
Otu110;Bacteria;Firmicutes;Clostridia;Clostridiales;Lachnospiraceae;Lachnospiraceae_unclassified;0,0%;0,0%;0,0%;0,0%;
Otu113;Bacteria;Firmicutes;Clostridia;Clostridiales;Gracilibacteraceae;Gracilibacter;0,0%;0,0%;0,0%;0,0%;
Otu116;Bacteria;Proteobacteria;Deltaproteobacteria;Desulfovibrionales;Desulfovibrionaceae;Desulfovibrio;0,0%;0,0%;0,0%;0,0%;
Otu118;Bacteria;Firmicutes;Clostridia;Clostridiales;Christensenellaceae;Christensenellaceae_unclassified;0,0%;0,0%;0,0%;0,0%;
Otu121;Bacteria;Firmicutes;Clostridia;Clostridiales;Family_XI;Sedimentibacter;0,0%;0,0%;0,0%;0,0%;
Otu124;Bacteria;Firmicutes;Clostridia;Clostridiales;Clostridiaceae_1;Clostridiaceae_1_unclassified;0,0%;0,0%;0,1%;0,0%;
Otu133;Bacteria;Firmicutes;Clostridia;Clostridiales;Christensenellaceae;Christensenellaceae_unclassified;0,0%;0,0%;0,0%;0,0%;
Otu134;Bacteria;Proteobacteria;Betaproteobacteria;Rhodocyclales;Rhodocyclaceae;Azospira;0,0%;0,0%;0,0%;0,0%;
Otu136;Bacteria;Actinobacteria;Actinobacteria;Actinomycetales;Actinomycetaceae;Actinomyces;0,1%;0,0%;0,0%;0,0%;
Otu137;Bacteria;Proteobacteria;Betaproteobacteria;Burkholderiales;Comamonadaceae;Delftia;0,0%;0,0%;0,0%;0,0%;
Otu141;Bacteria;Bacteroidetes;Bacteroidia;Bacteroidales;Bacteroidaceae;Bacteroides;0,1%;0,0%;0,0%;0,0%;
Otu146;Bacteria;Proteobacteria;Deltaproteobacteria;Deltaproteobacteria_unclassified;Deltaproteobacteria_unclassified;Deltaproteobacteria_unclassified;0,0%;0,0%;0,0%;0,0%;
Otu147;Bacteria;Proteobacteria;Betaproteobacteria;Burkholderiales;Burkholderiaceae;Ralstonia;0,0%;0,0%;0,0%;0,0%;
Otu152;Bacteria;Bacteroidetes;Bacteroidia;Bacteroidales;Rikenellaceae;vadinBC27_wastewater-sludge_group;0,0%;0,0%;0,0%;0,0%;
Otu156;Bacteria;Firmicutes;Clostridia;Clostridiales;Ruminococcaceae;Oscillibacter;0,0%;0,0%;0,1%;0,0%;
Otu160;Bacteria;Proteobacteria;Deltaproteobacteria;Desulfuromonadales;Desulfuromonadales_unclassified;Desulfuromonadales_unclassified;0,0%;0,0%;0,0%;0,0%;
Otu164;Bacteria;Firmicutes;Clostridia;Clostridiales;Ruminococcaceae;Caproiciproducens;0,0%;0,0%;0,0%;0,0%;
Otu165;Bacteria;Firmicutes;Clostridia;Clostridiales;Ruminococcaceae;Acetanaerobacterium;0,0%;0,0%;0,0%;0,0%;
Otu178;Bacteria;Bacteroidetes;Bacteroidia;Bacteroidales;Bacteroidaceae;Bacteroides;0,0%;0,0%;0,0%;0,0%;
Otu181;Bacteria;Proteobacteria;Deltaproteobacteria;Deltaproteobacteria_unclassified;Deltaproteobacteria_unclassified;Deltaproteobacteria_unclassified;0,0%;0,0%;0,0%;0,0%;
Otu186;Bacteria;Bacteroidetes;Bacteroidia;Bacteroidales;Bacteroidaceae;Bacteroides;0,0%;0,0%;0,0%;0,0%;
Otu187;Bacteria;Firmicutes;Clostridia;Clostridiales;Ruminococcaceae;Candidatus_Soleaferrea;0,0%;0,0%;0,0%;0,0%;
Otu189;Bacteria;Firmicutes;Clostridia;Clostridiales;Lachnospiraceae;Tyzzerella;0,0%;0,0%;0,0%;0,0%;
Otu190;Bacteria;Proteobacteria;Deltaproteobacteria;Desulfovibrionales;Desulfovibrionaceae;Desulfovibrionaceae_unclassified;0,0%;0,0%;0,0%;0,0%;
Otu191;Bacteria;Bacteroidetes;Bacteroidia;Bacteroidales;Bacteroidaceae;Bacteroides;0,0%;0,0%;0,0%;0,0%;
Otu195;Bacteria;Bacteroidetes;Bacteroidia;Bacteroidales;Porphyromonadaceae;Petrimonas;0,0%;0,0%;0,0%;0,0%;
Otu198;Bacteria;Firmicutes;Clostridia;Clostridiales;Ruminococcaceae;Oscillibacter;0,0%;0,0%;0,0%;0,0%;
Otu206;Bacteria;Proteobacteria;Betaproteobacteria;Betaproteobacteria_unclassified;Betaproteobacteria_unclassified;Betaproteobacteria_unclassified;0,0%;0,0%;0,0%;0,0%;
Otu209;Bacteria;Firmicutes;Clostridia;Clostridiales;Ruminococcaceae;Ruminococcaceae_UCG-013;0,0%;0,0%;0,0%;0,0%;
Otu214;Bacteria;Proteobacteria;Betaproteobacteria;Burkholderiales;Alcaligenaceae;Castellaniella;0,0%;0,0%;0,0%;0,0%;
Otu215;Bacteria;Firmicutes;Clostridia;Clostridiales;Christensenellaceae;Christensenellaceae_unclassified;0,0%;0,0%;0,0%;0,0%;
Otu216;Bacteria;Actinobacteria;Actinobacteria;Bifidobacteriales;Bifidobacteriaceae;Bifidobacterium;0,0%;0,0%;0,0%;0,0%;
Otu221;Bacteria;Bacteroidetes;Bacteroidia;Bacteroidales;Bacteroidaceae;Bacteroides;0,0%;0,0%;0,0%;0,0%;
Otu223;Bacteria;Firmicutes;Clostridia;Clostridiales;Ruminococcaceae;Ruminiclostridium_1;0,0%;0,0%;0,0%;0,0%;
Otu225;Bacteria;Bacteroidetes;Bacteroidia;Bacteroidales;Porphyromonadaceae;Petrimonas;0,0%;0,0%;0,0%;0,0%;
Otu228;Bacteria;Bacteroidetes;Bacteroidia;Bacteroidales;Porphyromonadaceae;Porphyromonadaceae_unclassified;0,0%;0,0%;0,0%;0,0%;
Otu230;Bacteria;Bacteroidetes;Bacteroidia;Bacteroidales;Porphyromonadaceae;Macellibacteroides;0,0%;0,0%;0,0%;0,0%;
Otu235;Bacteria;Firmicutes;Clostridia;Clostridiales;Family_XI;Sedimentibacter;0,0%;0,0%;0,0%;0,0%;
Otu237;Bacteria;Proteobacteria;Gammaproteobacteria;Enterobacteriales;Enterobacteriaceae;Enterobacteriaceae_unclassified;0,0%;0,0%;0,0%;0,0%;
Otu238;Bacteria;Proteobacteria;Gammaproteobacteria;Enterobacteriales;Enterobacteriaceae;Enterobacteriaceae_unclassified;0,0%;0,0%;0,0%;0,0%;
Otu240;Bacteria;Proteobacteria;Gammaproteobacteria;Pseudomonadales;Moraxellaceae;Acinetobacter;0,0%;0,0%;0,0%;0,0%;
Otu243;Bacteria;Bacteroidetes;Flavobacteriia;Flavobacteriales;Flavobacteriaceae;Chryseobacterium;0,0%;0,0%;0,0%;0,0%;
Otu245;Bacteria;Bacteroidetes;Bacteroidia;Bacteroidales;Porphyromonadaceae;Porphyromonadaceae_unclassified;0,0%;0,0%;0,0%;0,0%;
Otu250;Bacteria;Firmicutes;Clostridia;Clostridiales;Clostridiales_unclassified;Clostridiales_unclassified;0,0%;0,0%;0,0%;0,0%;
Otu254;Bacteria;Actinobacteria;Actinobacteria;Actinobacteria_unclassified;Actinobacteria_unclassified;Actinobacteria_unclassified;0,0%;0,0%;0,0%;0,0%;
Otu255;Bacteria;Proteobacteria;Alphaproteobacteria;Sphingomonadales;Sphingomonadaceae;Sphingobium;0,0%;0,0%;0,0%;0,0%;
Otu260;Bacteria;Firmicutes;Clostridia;Clostridiales;Ruminococcaceae;Candidatus_Soleaferrea;0,0%;0,0%;0,0%;0,0%;
Otu263;Bacteria;Bacteroidetes;Bacteroidia;Bacteroidales;Porphyromonadaceae;Porphyromonadaceae_unclassified;0,0%;0,0%;0,0%;0,0%;
Otu265;Bacteria;Firmicutes;Clostridia;Clostridiales;Ruminococcaceae;Ruminiclostridium_9;0,0%;0,0%;0,0%;0,0%;
Otu267;Bacteria;Bacteroidetes;Bacteroidia;Bacteroidales;Bacteroidaceae;Bacteroides;0,0%;0,0%;0,0%;0,0%;
Otu269;Bacteria;Firmicutes;Clostridia;Clostridiales;Ruminococcaceae;Ruminococcaceae_unclassified;0,0%;0,0%;0,0%;0,0%;
Otu271;Bacteria;Proteobacteria;Deltaproteobacteria;Deltaproteobacteria_unclassified;Deltaproteobacteria_unclassified;Deltaproteobacteria_unclassified;0,0%;0,0%;0,0%;0,0%;
Otu277;Bacteria;Firmicutes;Clostridia;Clostridiales;Ruminococcaceae;Ruminococcaceae_unclassified;0,0%;0,0%;0,0%;0,0%;
Otu278;Bacteria;Firmicutes;Clostridia;Clostridiales;Eubacteriaceae;Eubacterium;0,0%;0,0%;0,0%;0,0%;
Otu279;Bacteria;Bacteroidetes;Bacteroidetes_unclassified;Bacteroidetes_unclassified;Bacteroidetes_unclassified;Bacteroidetes_unclassified;0,0%;0,0%;0,0%;0,0%;
Otu282;Bacteria;Firmicutes;Clostridia;Clostridiales;Ruminococcaceae;Caproiciproducens;0,0%;0,0%;0,0%;0,0%;
Otu284;Bacteria;Bacteroidetes;Bacteroidia;Bacteroidales;Porphyromonadaceae;Petrimonas;0,0%;0,0%;0,0%;0,0%;
Otu286;Bacteria;Proteobacteria;Deltaproteobacteria;Desulfuromonadales;Geobacteraceae;Geobacter;0,0%;0,0%;0,0%;0,0%;
Otu291;Bacteria;Bacteroidetes;Bacteroidia;Bacteroidales;Bacteroidales_unclassified;Bacteroidales_unclassified;0,0%;0,0%;0,0%;0,0%;
Otu294;Bacteria;Firmicutes;Clostridia;Clostridiales;Clostridiaceae_1;Clostridiaceae_1_unclassified;0,0%;0,0%;0,0%;0,0%;
Otu301;Bacteria;Firmicutes;Bacilli;Lactobacillales;Streptococcaceae;Lactococcus;0,0%;0,0%;0,0%;0,0%;
Otu302;Bacteria;Bacteroidetes;Bacteroidia;Bacteroidales;Bacteroidales_unclassified;Bacteroidales_unclassified;0,0%;0,0%;0,0%;0,0%;
Otu305;Bacteria;Firmicutes;Clostridia;Clostridiales;Clostridiales_unclassified;Clostridiales_unclassified;0,0%;0,0%;0,0%;0,0%;
Otu313;Bacteria;Firmicutes;Clostridia;Clostridiales;Clostridiaceae_1;Clostridiaceae_1_unclassified;0,0%;0,0%;0,0%;0,0%;
Otu315;Bacteria;Firmicutes;Clostridia;Clostridiales;Ruminococcaceae;Ruminococcaceae_UCG-005;0,0%;0,0%;0,0%;0,0%;
Otu319;Bacteria;Bacteroidetes;Bacteroidia;Bacteroidales;Porphyromonadaceae;Petrimonas;0,0%;0,0%;0,0%;0,0%;
Otu325;Bacteria;Bacteroidetes;Bacteroidetes_unclassified;Bacteroidetes_unclassified;Bacteroidetes_unclassified;Bacteroidetes_unclassified;0,0%;0,0%;0,0%;0,0%;
Otu327;Bacteria;Bacteroidetes;Bacteroidia;Bacteroidales;Porphyromonadaceae;Petrimonas;0,0%;0,0%;0,0%;0,0%;
;;;;;;;;;;;
;;;;;;OTUS;130;137;139;135;
;;;;;;OTUS over 1 % ;18;9;20;7;
;;;;;;;0;0;0;0;
;;;;;;;;;;;
;;;;;;;;;;;
;;;;;;;;;;;
;;;;;;;;;;;
;;;;;;;;;;;
;;;;;;;;;;;
;;;;;;;;;;;
;;;;;;;;;;;
;;;;;;;;;;;
;;;;;;;;;;;
;;;;;;;;;;;
;;;;;;;;;;;
;;;;;;;;;;;
;;;;;;;;;;;
;;;;;;;;;;;
;;;;;;;;;;;
;;;;;;;;;;;
;;;;;;;;;;;
